Term, Frequency

abound, 5

abundance, 3
abundant, 10

accessible, 4







accomplish, 22
accomplished, 16
accomplishment, 3
accomplishments, 1
accurate, 36
accurately, 7

achievement, 2
achievements, 3

acumen, 1


adequate, 32
adjustable, 10
admirable, 1


admire, 1



adorable, 1

adored, 1








advanced, 28
advantage, 85
advantageous, 2

advantages, 8


advocate, 17
advocated, 8
advocates, 29






affinity, 1


affirmative, 2


afford, 39
affordable, 8





agreeable, 16


all-around, 1




amaze, 1
amazed, 1


amazing, 16
amazingly, 2
ambitious, 5


amenable, 5



amiable, 1

amicable, 1


ample, 10




angel, 12
angelic, 1

appeal, 20
appealing, 13
applaud, 4
appreciable, 1
appreciate, 154
appreciated, 12
appreciates, 5
appreciative, 2
appreciatively, 4
appropriate, 150
approval, 357
approve, 108
ardent, 2


articulate, 2


aspire, 1
assurance, 14
assurances, 11
assure, 28

assuring, 4

astonished, 1





astounding, 2



attraction, 1
attractive, 16
attractively, 5





authoritative, 2
autonomous, 2
available, 659



award, 44
awarded, 21
awards, 18


awesome, 6





balanced, 25
bargain, 9

beautiful, 17

beautifully, 1

beauty, 7






beloved, 1


beneficial, 11

beneficiary, 2
benefit, 138
benefits, 86



best, 423
best-known, 1

best-selling, 1
better, 236




bless, 8
blessing, 6
bliss, 1



blockbuster, 76
bloom, 4

bolster, 11

bonus, 29
bonuses, 15
boom, 6
booming, 5
boost, 46




brand-new, 4



breakthrough, 5
breakthroughs, 1

breathtaking, 1

breeze, 1
bright, 10
brighten, 3
brighter, 5
brightest, 3
brilliance, 1

brilliant, 5



bullish, 26
buoyant, 1

calm, 7
calming, 1

capability, 26
capable, 34







celebrate, 13
celebrated, 1
celebration, 6

champ, 1
champion, 4


charitable, 13
charm, 2
charming, 1


cheaper, 20
cheapest, 4
cheer, 2


cherish, 1


chic, 1




clarity, 6
classic, 4

clean, 146
cleaner, 16
cleanest, 5


clear, 201

cleared, 39
clearer, 8
clearly, 61
clears, 9

cleverly, 3



cohesive, 2
colorful, 5

comfort, 8
comfortable, 62



commend, 1


commitment, 55

compact, 5



compatible, 5
competitive, 119
complement, 6
complementary, 1

complements, 1
compliant, 3

complimentary, 2
comprehensive, 58


concise, 4
confidence, 35
confident, 40

congratulate, 5

congratulations, 10

conscientious, 1

consistent, 91
consistently, 22
constructive, 19

contentment, 1
continuity, 1

contribution, 27
convenience, 39
convenient, 18
conveniently, 4



convincing, 6

cool, 29
coolest, 2
cooperative, 8
cooperatively, 1

correct, 88
correctly, 17
cost-effective, 5



courage, 3
courageous, 2




covenant, 9
cozy, 2
creative, 12

credible, 4
crisp, 4
crisper, 1
cure, 2


cute, 1



daring, 1

darling, 3
dashing, 1

dawn, 44


dazzling, 1


decency, 7
decent, 18
decisive, 3

dedicated, 19
defeat, 23
defeated, 2
defeating, 8
defeats, 3

deference, 2




delicate, 7
delicious, 5

delighted, 7
delightful, 1


dependable, 3


deserving, 1
desirable, 4
desiring, 2










diligence, 23
diligent, 5
diligently, 7


distinction, 6

distinguished, 28
diversified, 7
divine, 1

dominate, 9
dominated, 11









dynamic, 11
eager, 17


earnest, 2


ease, 57
eased, 10
eases, 6
easier, 39
easiest, 7

easing, 2
easy, 86






economical, 4


ecstatic, 1


educated, 1
effective, 230
effectively, 54
effectiveness, 7


efficient, 53
efficiently, 6











electrify, 2
elegance, 1
elegant, 4


elite, 5





eminent, 11


empower, 1
empowerment, 1


enchanting, 1

encourage, 80
encouragement, 1
encouraging, 16

endear, 1

endorse, 6
endorsed, 12
endorsement, 4
endorses, 5
endorsing, 1
energetic, 2
energize, 2
energy-efficient, 3
energy-saving, 1
engaging, 16

enhance, 27
enhanced, 16
enhancement, 5
enhances, 1
enjoy, 54
enjoyable, 8

enjoyed, 70
enjoying, 11
enjoyment, 3
enjoys, 1
enlighten, 1



enough, 294





enterprising, 1
entertain, 11
entertaining, 4



enthralled, 1

enthusiasm, 7

enthusiastic, 3

entice, 2
enticed, 3











equitable, 2



ethical, 21





evenly, 3

everlasting, 1










exceed, 36
exceeded, 32
exceeding, 8

exceeds, 20
excel, 5




excellence, 2

excellent, 38



exceptionally, 1
excite, 8
excited, 28
excitedly, 1

excitement, 4

exciting, 19



exemplary, 4



exhilaration, 3

expansive, 2
expeditiously, 2

exquisite, 1



extraordinarily, 5
extraordinary, 15
exuberance, 1







eye-catching, 1


fabulous, 8

facilitate, 32
fair, 66
fairly, 66
fairness, 11
faith, 33
faithful, 4


fame, 2

famous, 18





fans, 8
fantastic, 13


fascinating, 2




fast, 163
fast-growing, 6

faster, 18
fastest, 7




favor, 43
favorable, 28
favored, 12
favorite, 25

favour, 22


feasible, 5

feat, 1











fervor, 2

fidelity, 3
fiery, 1
fine, 107




firmer, 2
first-class, 3








flexibility, 49
flexible, 13
flourish, 1
flourishing, 1


fond, 2



foremost, 1
foresight, 2
formidable, 5

fortuitous, 2

fortunate, 6

fortune, 21

free, 478
freed, 9
freedom, 8
freedoms, 2
fresh, 22
fresher, 1
freshest, 1

friendly, 24


fruitful, 1


fun, 68




gain, 56
gained, 16


gaining, 9
gains, 9
gallant, 1





gems, 1
generosity, 2
generous, 12
generously, 1


gentle, 6

genuine, 5

glad, 63

gladly, 1



gleeful, 2

glimmer, 2






glorious, 3



glowing, 1




godsend, 1
gold, 25
golden, 32
good, 692


goodwill, 2
goood, 2

gorgeous, 4

grace, 3


gracious, 2
graciously, 4

grand, 33

grateful, 27
gratefully, 5




gratifying, 1


great, 354
greatest, 22


groundbreaking, 1
guarantee, 157
guidance, 27





hail, 1
halcyon, 2

hallmark, 1





handsome, 1
handsomely, 1
handy, 7
happier, 2
happily, 3
happiness, 6
happy, 140


hardy, 5



harmonize, 1




healthy, 18





heaven, 5

helped, 30
helpful, 70
helping, 53
hero, 5
heroic, 1




high-quality, 2

hilarious, 1
holy, 2

honest, 9

honor, 26
honorable, 28
honored, 14
honoring, 3

hopeful, 16
hospitable, 3
hot, 59


hottest, 3
hug, 2

humble, 1

humor, 6
humorous, 1



ideal, 8

ideally, 7






illuminating, 1

illustrious, 1






impartial, 1





important, 261
impress, 10
impressed, 6

impressive, 6


improve, 52
improved, 21
improvement, 11
improvements, 12
improves, 6
improving, 19
incredible, 10
incredibly, 21
indebted, 1
individualized, 2
indulgence, 1




inexpensive, 4



influential, 13
ingenious, 1





innovation, 14
innovative, 23

insightful, 1

inspiration, 1

inspire, 2
inspiring, 1
instantly, 2

instrumental, 5
integral, 3
integrated, 31
intelligence, 21
intelligent, 4

interesting, 55
interests, 62

intimate, 2
intricate, 1
intrigue, 2
intriguing, 6

intuitive, 1
invaluable, 4

















jolly, 4

joy, 7




jubilant, 1






keen, 12
keenly, 1



kindly, 18

knowledgeable, 8
kudos, 1









lead, 175
leading, 94
leads, 19
lean, 4
led, 89
legendary, 1
leverage, 33


liberation, 1
liberty, 3




like, 1514
liked, 20
likes, 23
liking, 3

lively, 1
logical, 8

lovable, 1

love, 86
loved, 9

lovely, 7
lover, 1
loves, 7
loving, 4
low-cost, 8
low-price, 1
low-priced, 8

lower-priced, 2
loyal, 2



luck, 28



lucky, 8
lucrative, 3


luster, 1



luxurious, 2

luxury, 8

magic, 8
magical, 1



magnificent, 5


majesty, 1
manageable, 1





marvelous, 1



master, 552


masterpiece, 1

masters, 43


mature, 2

maturity, 7
meaningful, 10
memorable, 3


mercy, 7
merit, 5




merry, 1








mighty, 3




miraculously, 1

modern, 6
modest, 9


monumental, 4


motivated, 5


neat, 10

neatly, 1
nice, 88
nicely, 6
nicer, 4








notably, 5
noteworthy, 3





oasis, 16


obtainable, 1
openly, 1

optimal, 1
optimism, 6
optimistic, 20

orderly, 3

outdo, 1








outstanding, 92

outstrip, 2


overjoyed, 1



overtaking, 1











panoramic, 2
paradise, 2
paramount, 6
pardon, 6
passion, 1
passionate, 2

patience, 17
patient, 11



peace, 34

peaceful, 1




pep, 6




perfect, 37
perfection, 7
perfectly, 11
permissible, 3





phenomenally, 1


pinnacle, 1
playful, 2

pleasant, 7
pleasantly, 4
pleased, 63





pleasure, 19
plentiful, 2





poignant, 1

poised, 9
polished, 1
polite, 1

popular, 31
portable, 10

positive, 71
positively, 7

powerful, 30
powerfully, 1
praise, 1

praising, 6

precious, 3
precise, 13
precisely, 11

prefer, 59
preferable, 9
preferably, 7


preferring, 4
prefers, 10
premier, 18

prestigious, 1

pretty, 118
priceless, 4
pride, 4

privilege, 14
privileged, 171
prize, 6
proactive, 3





productive, 11
productively, 1
proficient, 1

profound, 1



progress, 100
progressive, 2


prominent, 4
promise, 37
promised, 32
promises, 21
promising, 13
promoter, 1
prompt, 24
promptly, 22
proper, 28
properly, 29


pros, 2
prosper, 1
prosperity, 1
prosperous, 3

protect, 77
protection, 60
protective, 1
proud, 21
proven, 27
proves, 1

proving, 8

prudence, 2
prudent, 21


pure, 12



qualified, 45
qualify, 34
quicker, 8
quiet, 18
quieter, 1


rapid, 14
rapport, 1






rational, 5

reachable, 1

readily, 5
ready, 172
reaffirm, 1
reaffirmation, 1
realistic, 13

reasonable, 123
reasonably, 22

reassurance, 2
reassure, 8
receptive, 5


recommend, 72
recommendation, 41
recommendations, 35
recommended, 57
reconcile, 5
reconciliation, 3
record-setting, 2
recover, 56
recovery, 54

rectify, 1

redeem, 1
redeeming, 1

refine, 4
refined, 11
refinement, 1
reform, 60

reforming, 3
reforms, 4
refresh, 2
refreshed, 2
refreshing, 4
refund, 116
refunded, 8
regal, 3

regard, 44






relaxed, 7

reliable, 36

relief, 64

remarkable, 1
remarkably, 1
remedy, 15


renaissance, 6
renewed, 11

renowned, 2


reputation, 28



resounding, 1


respect, 262

respectful, 1
respectfully, 4
respite, 1


responsive, 30

restored, 3
restructure, 22
restructured, 13
restructuring, 86


revelation, 3


reverent, 1


revival, 1
revive, 2


revolutionize, 3
revolutionized, 1

reward, 8
rewarding, 3

rich, 70



right, 494

righteous, 1






risk-free, 1
robust, 13




romantic, 5




rosy, 6
safe, 33
safely, 1






salute, 3
sane, 1

satisfactory, 10
satisfied, 12
satisfies, 1
satisfy, 36
satisfying, 7

saver, 1
savings, 94
savior, 2
savvy, 3
scenic, 4
seamless, 6
seasoned, 2
secure, 98

selective, 6








sensations, 1
sensible, 1

sensitive, 17
serene, 2


sharp, 20

sharpest, 3




significant, 181
silent, 10
simpler, 4
simplest, 7
simplified, 2
simplifies, 3
simplify, 4
simplifying, 2
sincere, 3
sincerely, 2

skill, 2
skilled, 1




slick, 1
smart, 10
smarter, 2
smartest, 2

smile, 28
smiles, 2
smiling, 2


smooth, 14



smoothly, 3

snazzy, 1

soft, 21

solace, 1


solid, 21



sophisticated, 16





sparkling, 5
spectacular, 4


speedy, 5






splendid, 1


spontaneous, 2



stability, 34
stabilize, 24
stable, 15
stainless, 2

state-of-the-art, 1
stately, 1

staunch, 1
staunchly, 1

steadfast, 3
steadfastly, 2



steady, 10
stellar, 2

stimulate, 3




straighten, 3
straightforward, 5
streamlined, 2
striking, 5

striving, 2
strong, 131
stronger, 10
strongest, 13
stunned, 2
stunning, 2
stunningly, 1










subsidize, 1
subsidized, 3

subsidizing, 1
substantive, 39
succeed, 7
succeeded, 9
succeeding, 1


success, 61
successes, 2
successful, 54
successfully, 24



sufficient, 42
sufficiently, 8
suitable, 8



super, 13
superb, 1
superbly, 1
superior, 23


support, 449
supported, 31
supporter, 4
supporting, 73
supportive, 15
supports, 42

supreme, 191




surpass, 5
surreal, 3
survival, 4
survivor, 1
sustainability, 5
sustainable, 19
swank, 8



sweeping, 7
sweet, 31



sweetness, 1
swift, 7

talent, 9
talented, 6
talents, 1



tempt, 1
tempting, 2




tender, 6

terrific, 10

thank, 435
thankful, 1

thoughtful, 4



thrifty, 1
thrill, 3
thrilled, 4
thrilling, 2


thrive, 3
thriving, 1



tidy, 2

timely, 37





tolerable, 2
toll-free, 1
top, 209



tops, 2
tough, 30
tougher, 6
toughest, 1



transparent, 14
treasure, 1


triumph, 1








trust, 45
trusted, 3
trusting, 2










unabashedly, 1




unbound, 6

unconditional, 9
undamaged, 1

understandable, 5




unequivocal, 1
unequivocally, 5
unfazed, 3
unfettered, 4


unlimited, 14
unmatched, 4




unrestricted, 1


unwavering, 4



upgraded, 11
upheld, 1
uphold, 2





usable, 2

useful, 67
user-friendly, 1




valuable, 21
variety, 41


veritable, 1

versatility, 1
vibrant, 1


victory, 7



virtue, 4


visionary, 16


vouch, 5

warm, 28
warmer, 2

warmly, 1

wealthy, 3
welcome, 57
well, 467



well-being, 1



well-established, 3
well-informed, 1

well-known, 8



well-positioned, 2
well-received, 1











willing, 128
willingly, 1
willingness, 10
win, 46
windfall, 2

winner, 16
winners, 8
winning, 16
wins, 9
wisdom, 2
wise, 17
wisely, 4
witty, 1
won, 275
wonder, 45
wonderful, 17



wonders, 3

woo, 4
work, 791
workable, 10
worked, 146
works, 169
world-famous, 1
worth, 125

worthiness, 5
worthwhile, 1
worthy, 3
wow, 1
wowed, 1




zeal, 2





abnormal, 1
abolish, 2









abrupt, 1


absence, 28


absurd, 1
absurdity, 1
absurdly, 1

abuse, 11
abused, 2
abuses, 21
abusive, 3



accidental, 1



accusations, 20
accuse, 11
accuses, 1
accusing, 6















adamant, 2
adamantly, 11
addict, 2

addicting, 1





admonition, 2




adversarial, 1

adverse, 27





afraid, 23
aggravate, 2



aggressive, 51



aggrieved, 1





agonizingly, 1



ailing, 6
ailment, 2

alarm, 4
alarmed, 1
alarming, 3
alarmingly, 2



allegation, 8
allegations, 9
allege, 2
allergic, 1




ambiguity, 1
ambiguous, 2









anemic, 1
anger, 2
angrily, 2

angry, 24




annoy, 1
annoyance, 1

annoyed, 2
annoying, 2



anomaly, 2




anti-, 1









antiquated, 3


anxiety, 7
anxious, 15
anxiously, 3

apathetic, 1


apocalypse, 1


apologists, 16


appalled, 1






arbitrary, 2
arcane, 5

arduous, 1


arrogance, 1










assail, 2


assault, 6







attack, 14







authoritarian, 1










awful, 3
awfully, 1

awkward, 7


babble, 1







backbiting, 1
backward, 5



bad, 119
badly, 11





balk, 4





bankrupt, 19








bash, 14



bastard, 1

battered, 3


bearish, 18




beg, 2


begging, 4




belie, 6







bemoan, 2


bent, 3










betray, 1
betrayal, 1












bias, 11
biased, 6
biases, 1

bickering, 1





biting, 2

bitter, 6
bitterly, 3





blah, 4
blame, 36

bland, 2




blasted, 7
blatant, 1


bleak, 3


bleed, 2
bleeding, 2


blind, 6





bloated, 2




bloody, 3

blow, 14
blunder, 3


blunt, 1









bogus, 2
boil, 3


bomb, 1
bombard, 6




bore, 1
bored, 1




bother, 10
bothered, 1
bothering, 1
bothers, 3


boycott, 1












breach, 25
break, 84


breakdown, 8
breaking, 19
breaks, 14
breakup, 1

bribery, 1



broke, 15
broken, 30




bruised, 3











brutish, 1
bs, 3

bug, 1
bugging, 2















bump, 4
bumped, 1
bumping, 2

bumps, 2



bungling, 2

burden, 26
burdensome, 22

burn, 16
burned, 4
burning, 4
burns, 15
bust, 6
busts, 4



buzzing, 1
byzantine, 1












cancer, 9




capricious, 2









cash-strapped, 26
castigate, 2

casualty, 2


cataclysmic, 1

catastrophe, 3

catastrophic, 7




cautionary, 1





challenging, 15

chaotic, 1


chastisement, 1


cheap, 18

cheaply, 1
cheat, 2


cheating, 2






chill, 2






chronic, 6



clash, 2






cloud, 9
clouding, 1





cocky, 1



cold, 21

collapse, 10

collusion, 7
combative, 1







complain, 13
complained, 22
complaining, 5
complains, 2
complaint, 93
complaints, 11
complex, 50
complicated, 32
complication, 2



concede, 2
conceded, 16




concern, 115
concerned, 95
concerns, 163
concession, 9
concessions, 3


condemnation, 4
condemned, 7





confess, 3


confined, 6
conflict, 49
conflicted, 4
conflicting, 13
conflicts, 25



confront, 7
confrontation, 1
confrontational, 1
confuse, 4
confused, 20
confuses, 2
confusing, 23
confusion, 10

congested, 2
congestion, 43
cons, 2

conservative, 14
conspicuous, 1


conspiracy, 5



consternation, 2


contaminated, 7


contamination, 6




contend, 18
contention, 8
contentious, 3


contradict, 2
contradiction, 1
contradictory, 1




controversial, 18
controversy, 5
convoluted, 2




corrupt, 1
corrupted, 1
corrupting, 1
corruption, 5


costlier, 1
costly, 26







crack, 5
cracked, 3
cracks, 12







crap, 2
crappy, 1

crash, 10
crashed, 2

crashing, 2




crazily, 1

crazy, 9





creeping, 2




criminal, 23



cripple, 1
crippled, 1

crippling, 4
crisis, 319
critic, 3
critical, 121
criticism, 25
criticisms, 2
criticize, 1
criticized, 27
criticizing, 4
critics, 47


crooked, 3

crowded, 1

crude, 174
cruel, 1

cruelest, 1





crumbling, 2




crush, 5
crushed, 2
crushing, 1
cry, 9

culprit, 1
cumbersome, 3



curse, 7
cursed, 1
curses, 1
curt, 75
cuss, 1

cutthroat, 1
cynical, 1


damage, 32
damaged, 6
damages, 38
damaging, 4
damn, 6



damned, 1


danger, 16
dangerous, 7

dark, 39
darken, 5
darkened, 5

darkness, 12








dead, 17

deadlock, 3
deadly, 5

deaf, 2
dearth, 2
death, 28
debacle, 3










debt, 152
debts, 35
















decline, 33
declines, 9
declining, 9

decrepit, 2






defect, 2
defective, 10
defects, 1
defensive, 2
defiance, 1


deficiencies, 2
deficiency, 12






defunct, 2















delay, 63
delayed, 28
delaying, 13
delays, 19






deluge, 2

delusional, 1



demise, 3











denial, 6
denied, 44
denies, 9

denounce, 1
dense, 2
dent, 4





deny, 25
denying, 5











depressed, 1
depressing, 3

depression, 5

deprive, 1
deprived, 11







desert, 6







despair, 3


desperate, 7
desperately, 10
desperation, 3

















destroy, 41

destruction, 10
destructive, 1


deteriorate, 1
deteriorating, 4
deterioration, 11







detract, 1




detriment, 1
detrimental, 4

devastated, 2

devastating, 3


deviate, 1
deviation, 1
devil, 7







devoid, 2



diametrically, 1

diatribe, 2

dick, 32


die, 5
die-hard, 1
died, 8
dies, 2
difficult, 125
difficulties, 14
difficulty, 23


dilemma, 2

dim, 4





dire, 14






dirty, 10

disabled, 2

disadvantage, 2
disadvantaged, 1

disadvantages, 2



disagree, 6


disagreed, 5
disagreeing, 6
disagreement, 3
disagrees, 7





disappointed, 10
disappointing, 1

disappointment, 3







disarray, 1
disaster, 8

disastrous, 3
disastrously, 1


disbelief, 2










disconcerting, 1




discontent, 2


discontinued, 1

discontinuous, 1




discourage, 14

discouraging, 5




discredit, 2

discriminate, 1
discrimination, 9
discriminatory, 8





disgrace, 1




disgruntled, 5
disgust, 4
disgusted, 1



disgusting, 1


disheartening, 2

dishonest, 2









disinclination, 1
















dismal, 1


dismay, 1
dismayed, 2








disorder, 1














displace, 1


displeased, 1





dispute, 82
disputed, 7




disregard, 25



disrespect, 1






disrupt, 7
disruption, 10
disruptive, 1


dissappointed, 1










dissension, 5
dissent, 2
dissenter, 1

disservice, 1


















distorted, 4




distraction, 1




distressed, 5


distrust, 1



disturbance, 2
disturbed, 7
disturbing, 2



divergent, 1
divisive, 2




dizzy, 1









doom, 4
doomed, 1


doubt, 40
doubtful, 2

doubts, 18





downer, 4


downgrade, 9


downhill, 1
downside, 10

downturn, 5
downturns, 1



drag, 6
dragged, 5
dragging, 7

drags, 3
drain, 14

draining, 6
drains, 3
drastic, 1
drastically, 1

drawbacks, 4




dreary, 1

dripping, 2

drips, 2







drought, 9

drunk, 4


dubious, 2





dumb, 9

dump, 8
dumped, 2
dumping, 1
dumps, 1



dupe, 1
dust, 3

dwindling, 1
dying, 8










egregious, 1


elimination, 10


embarrass, 3
embarrassing, 2

embarrassment, 5
embattled, 2



emergency, 160

emphatically, 1


encroachment, 9
endanger, 1
enemies, 3
enemy, 2




enjoin, 3














erase, 1
erode, 1

erosion, 2


erratic, 1

erroneous, 2
erroneously, 3
error, 52
errors, 25



estranged, 1



evil, 6



exacerbate, 9










excessive, 19
excessively, 9
exclusion, 4



excuse, 4
excuses, 2

exhaust, 4
exhausted, 5
exhaustion, 1




exorbitant, 6



expensive, 57
expire, 15
expired, 7
explode, 1
exploit, 9

explosive, 1







extort, 1
extortion, 2
extraneous, 1




extremist, 2







fail, 31
failed, 78
failing, 20
fails, 24
failure, 85
failures, 7



fake, 1
fall, 124




fallacy, 1
fallen, 33
falling, 25
fallout, 4
falls, 34
false, 8




faltered, 1



















fat, 7


fatal, 26


fatally, 2








fatty, 1



fault, 4

faulty, 3

faze, 1
fear, 41


fears, 19







fell, 36






feverish, 1

fiasco, 2



fiction, 3






fierce, 1





fissures, 1








flak, 1





flare, 1





flaw, 13
flawed, 17
flaws, 11
flee, 1

fleeing, 3





flickering, 4

flighty, 1






floundering, 3





foolhardy, 1
foolish, 5



forbidden, 3




forfeit, 6









foul, 2





fragile, 5
fragmented, 1

frantic, 4
frantically, 1

fraud, 11
fraudulent, 2



freak, 1
freaking, 1



freeze, 37
freezes, 1
freezing, 2



frenzy, 2






friggin, 1



frightening, 1




frost, 7

froze, 1
frozen, 25



frustrated, 15

frustrating, 5

frustration, 7
frustrations, 2
fuck, 7
fucking, 4







fundamentalism, 1
funky, 1

funny, 17








futile, 1

futility, 1
fuzzy, 1





gall, 1





garbage, 1




















gimmicky, 1





glitches, 2

gloom, 3
gloomy, 2



gnawing, 1






gossip, 1









greed, 3
greedy, 2

grievance, 2





grim, 6

grind, 1
gripe, 1
gripes, 1

gritty, 1
gross, 31
grossly, 7





growl, 3






gruff, 1









guilty, 3



hack, 1








hamper, 1

handicapped, 2
hang, 14
hangs, 2




harassed, 1

harassment, 4

harbors, 2
hard, 217
hard-hit, 1


hardball, 3
harden, 3






hardships, 8
harm, 17
harmed, 2
harmful, 3
harms, 1





harshly, 1

hassle, 5

hassles, 2
haste, 3

hasty, 1
hate, 15






hates, 1

hatred, 1




havoc, 6
hawkish, 2
haywire, 1
hazard, 4
hazardous, 2

hazy, 1

headache, 2






heavy-handed, 1

heck, 11



hectic, 4
hedge, 58


hefty, 6




hell, 15




helplessly, 1




hesitant, 9




high-priced, 6

hinder, 1
hindrance, 1







hogs, 4
hollow, 2


hooligan, 1
hopeless, 1
hopelessly, 1




horrible, 3

horrific, 1





hostage, 4
hostile, 8

hostility, 1







humid, 1
humiliate, 1


humming, 1
hung, 15
hurt, 27


hurting, 11
hurts, 6

hype, 1




hypocritical, 1

hysteria, 2

hysterical, 3




idiot, 1


idiots, 1
idle, 5




ignorance, 2

ignore, 25
ill-advised, 3
ill-conceived, 6


ill-fated, 2










illegal, 14
illegally, 3




illogic, 1


illusion, 1



imbalance, 51










immoral, 2

immorally, 3

impair, 1


impatience, 2
impatient, 3



impede, 4
impediment, 3
impending, 4






imperil, 1














implication, 3






impose, 43

imposing, 10
imposition, 5
impossible, 19


impotent, 1


impractical, 1





imprisonment, 2

improbable, 1

improper, 23
improperly, 1


imprudent, 6









inability, 11




inaction, 4
inactive, 4

inadequate, 5







inappropriate, 6
inappropriately, 1





incapable, 1









inclement, 3










incompetence, 2
incompetent, 2

incomplete, 3



inconceivable, 1










inconsistencies, 4
inconsistency, 2
inconsistent, 15



inconvenience, 12

incorrect, 10
incorrectly, 4

















indifference, 1

















indulge, 2
ineffective, 3

ineffectiveness, 1





inefficiency, 1
inefficient, 9

















inevitable, 8
inevitably, 4
inexcusable, 1




inexperienced, 2






infamous, 2


infected, 1
infection, 2





infested, 1









inflated, 6
inflationary, 2

inflict, 1


infringement, 1








inhibit, 1













injury, 6
injustice, 1


inoperable, 2



insane, 1






insensitive, 1




insignificance, 2
insignificant, 4











insolvent, 2

instability, 3



instigators, 1





insufficiency, 1
insufficient, 18
insufficiently, 1


insulted, 4










intense, 5
interfere, 4
interference, 3

intermittent, 1
interrupt, 1
interruption, 5
interruptions, 2




intolerable, 1








intrusive, 3
inundate, 1
inundated, 4

invalid, 1








invisible, 1

involuntary, 58



ire, 1

irked, 2






ironic, 1
ironical, 2


irony, 4

irrational, 1












irregular, 1


irrelevant, 2
irreparable, 3




irresponsible, 7
irresponsibly, 3


irreversible, 1




irritated, 3

irritation, 1

isolate, 2
isolated, 1

issue, 565
issues, 558






jam, 2






jeer, 2
jeering, 1

jeers, 1
jeopardize, 14
jeopardy, 4



jitters, 1



joke, 11

jolt, 1




junk, 5





kill, 27
killed, 20
killer, 2
killing, 11

kills, 2


knock, 20



lack, 90

lacked, 5
lackey, 2

lacking, 4

lacks, 9

lag, 11
lagged, 2
lagging, 2


laid-off, 1



lame-duck, 1
lament, 2








lapse, 3





laughable, 1




lawless, 1

layoff, 8

lazy, 3
leak, 2


leaking, 3







leer, 3


lemon, 1
lengthy, 14



lethal, 1





liability, 82
liable, 20





lie, 5
lied, 1

lies, 15

lifeless, 2
limit, 105
limitation, 34
limitations, 23
limited, 218
limits, 26


litigious, 1









lone, 15

lonely, 2



long-winded, 1



loopholes, 2
loose, 8


lose, 69
loser, 2
losers, 5
loses, 6
losing, 31
loss, 92
losses, 51
lost, 113
loud, 6

lousy, 2





ludicrously, 1

lukewarm, 3





lure, 6



lying, 11

mad, 14
madden, 1

maddeningly, 1


madman, 1
madness, 3



malaise, 1


















mania, 1



manipulate, 33
manipulation, 37


mar, 456
marginal, 31
marginally, 3










meaningless, 4









meltdown, 2








mess, 23



messy, 1


militancy, 2












misbehavior, 1



mischief, 1



misconceptions, 3
















misguided, 2








misleading, 5


mismanage, 1







miss, 64
missed, 61
misses, 3


mistake, 26
mistaken, 1
mistakenly, 11
mistakes, 10


mistrust, 1




misunderstanding, 2

misunderstood, 4
misuse, 2
moan, 4

mock, 4










monster, 5




moody, 14
moot, 3













motionless, 2
motley, 1





muddy, 3




mundane, 3
murder, 2



murky, 2



mysterious, 2

mystery, 4

myth, 6

nagging, 9
naive, 1
naively, 1
narrower, 1


nasty, 7













negate, 1

negative, 70
negatives, 2

neglect, 1
neglected, 6


nemesis, 1

nervous, 13
nervously, 1
nervousness, 1

nettlesome, 1




nightmare, 1




noise, 14


noisy, 4



nonsense, 1


notorious, 2
notoriously, 1




object, 15
objection, 13

objections, 9






obscene, 2


obscure, 5
obscured, 1
obscures, 2






obstacle, 5













odd, 11




oddly, 1




offending, 1
offenses, 1
offensive, 9



ominous, 5




onerous, 3



opponent, 3
opportunistic, 2
oppose, 41
opposition, 62
oppositions, 3







orphan, 2

outbreak, 1



outcry, 2


outrage, 4
outraged, 5
outrageous, 1








over-priced, 1











overdue, 7








overpower, 1
overpriced, 3


overrun, 1
overshadow, 1
oversight, 41



oversimplify, 1






overtaxed, 1


overturn, 12


overwhelmed, 2
overwhelming, 3
overwhelmingly, 1




pain, 8
painful, 6

painfully, 1

pale, 2

paltry, 1
pan, 22




panic, 1

panicked, 2










parody, 1

partisan, 5


passive, 8




paucity, 2


payback, 3








penalize, 3
penalty, 29
perfidious, 1


peril, 1


perish, 1











perturbed, 1
pervasive, 3
perverse, 4






pessimism, 1


pest, 6




petty, 1


phony, 1





pig, 2
pigs, 3



pinch, 1


pitiful, 2



pittance, 1
pity, 4

plague, 1


plea, 5
pleas, 5

plight, 1
plot, 15

ploy, 1




poison, 3






pollute, 1




poor, 47
poorer, 2
poorest, 2
poorly, 4







precarious, 9

precipitate, 1

predatory, 3

















pricey, 2
pricier, 1
prick, 2




primitive, 2


problem, 257
problematic, 6
problems, 279




profanity, 1
prohibit, 26

prohibitively, 2


proprietary, 25

protest, 22
protested, 8

protests, 5
protracted, 3

provocative, 1
provoke, 3
pry, 1



punch, 2
punish, 5
punishable, 2
punitive, 5
punk, 6



puzzled, 1

puzzling, 1











questionable, 11



rabid, 3




radical, 4



rage, 1

raging, 1
rail, 7
raked, 2

rampant, 3

rancor, 1
randomly, 2

rant, 1









rash, 4
rattle, 1






rebuff, 1



recession, 8



recklessness, 3


redundancy, 1
redundant, 3
refusal, 11
refuse, 17
refused, 43
refuses, 3
refusing, 16
refutation, 2
refute, 3


refuting, 1

regression, 1

regret, 9



regrets, 3
regrettable, 1


reject, 26
rejected, 35
rejecting, 11
rejection, 6
rejects, 10
relapse, 1



reluctance, 4
reluctant, 11
reluctantly, 1























repudiation, 2










resent, 2


resignation, 23
resigned, 8
resistance, 10


restrict, 11
restricted, 34
restriction, 9
restrictive, 5

retaliate, 1

retard, 1


retards, 1


retreat, 6
retreated, 1



revert, 8


revoke, 3
revolt, 2





rhetoric, 2




ridiculous, 4

rife, 1
rift, 1

rigid, 3



riled, 1
rip, 3


ripped, 2
risk, 401
risks, 95
risky, 7
rival, 6
rivalry, 1

rocky, 17
rogue, 3


rotten, 1
rough, 29


rude, 4
rue, 4


ruin, 2
ruined, 4


ruins, 2

rumor, 21
rumors, 14



runaway, 4



rusty, 7


ruthlessly, 2
ruthlessness, 1



sacrificed, 1
sad, 6

sadly, 1
sadness, 1


sagging, 2




sap, 43
sarcasm, 1







savage, 8





scams, 2








scant, 2
scapegoat, 1

scarce, 9
scarcely, 1
scarcity, 9
scare, 3
scared, 4





















scourge, 1

scramble, 6
scrambled, 2

scrambling, 8
scrap, 3
scratch, 1



scream, 6

screw-up, 1
screwed, 1











seethe, 2







self-interested, 2







sensationalize, 1


seriousness, 1


set-up, 33
setback, 3
setbacks, 1
sever, 6
severe, 32
severity, 3




shake, 4
shaky, 4

sham, 1

shame, 4
shameful, 1






sharply, 19







shit, 8

shock, 11
shocked, 7




shortage, 67


shortcomings, 6


shortsightedness, 1







shrouded, 1
shrug, 1
shun, 1

sick, 12










simplistic, 6

sin, 2


sinister, 1

sink, 7
sinking, 6


skeptical, 13

skepticism, 5
sketchy, 9

skinny, 2



slack, 2





slap, 9
slashing, 1
slaughter, 6


slaves, 1




slogging, 4









slow, 32

slowed, 3
slower, 4

slowly, 11




sluggish, 6
slump, 1
slumping, 2





smack, 1



smell, 3
smelled, 2




smoke, 3








smudges, 1







snag, 1








sneak, 3

sneaky, 2









so-cal, 4








sorely, 2

sorrow, 3


sorry, 128
sour, 16

spade, 1









spite, 7




split, 30
splitting, 4














sporadic, 1




squabble, 1



squeak, 2

squeaky, 1




stab, 10







stalemate, 2
stall, 2
stalls, 2

stampede, 2
standstill, 2


startle, 1




static, 23
steal, 5
stealing, 1

steep, 2





stern, 9

sticky, 1
stiff, 3


stifling, 1











stolen, 1





strain, 9
strained, 2

strange, 14
strangely, 4





stress, 6
stresses, 2
stressful, 1

stricken, 3
strict, 17
strictly, 95
strident, 1


strike, 66
stringent, 14

struck, 12
struggle, 6
struggled, 12
struggles, 4
struggling, 29


stubbornly, 1

stuck, 12

stumble, 1
stumbled, 1







stupid, 4
stupidest, 2










stymied, 2

subdued, 1
subjected, 1




subordinate, 3
subpoena, 44




subtract, 8

subversive, 1



suck, 9
sucked, 2

sucks, 5

sue, 187
sued, 28

sues, 7
suffer, 21
suffered, 15


suffering, 8
suffers, 3





suicide, 4




sunk, 3







suppress, 6

surrender, 2
susceptible, 3
suspect, 26
suspicion, 3
suspicions, 3
suspicious, 2


swamped, 2




swipe, 1










tangled, 1

tank, 33

tanks, 6
tantrum, 2
tardy, 1

tarnished, 1









taxing, 3


tedious, 2


temper, 3
tempest, 1


tense, 6
tension, 2
tentative, 31
tentatively, 9
tenuous, 2

tepid, 1
terrible, 4

terribly, 5





testy, 1


thankless, 2

thirst, 3
thorny, 2



thrash, 1
threat, 34
threaten, 14
threatening, 11
threats, 10









thwart, 5
time-consuming, 4

timidity, 1
timidly, 2




tired, 10

tiring, 1


toll, 12




torrent, 2
tortuous, 2




torturous, 1




tout, 2
touted, 3
touts, 1
toxic, 1

tragedy, 1
tragic, 1








trap, 1

trapped, 7
trash, 23



traumatic, 1













tricky, 12
trivial, 2

trouble, 41
troubled, 29

troubles, 8
troublesome, 2

troubling, 1



tumbled, 2


turbulent, 2
turmoil, 3
twist, 5
twisted, 3








uglier, 2
ugliest, 1

ugly, 4

ultimatum, 2



unable, 109
unacceptable, 21



unaccustomed, 1





unavailable, 38
unavoidably, 1



unbelievably, 2

uncertain, 12



unclear, 29

uncomfortable, 7





unconfirmed, 1







undecided, 2
undefined, 2


undercut, 5

undercutting, 1



undermine, 6
undermined, 1

undermining, 1



undesirable, 1





undone, 1
undue, 2


uneasiness, 1
uneasy, 1
uneconomical, 2


unethical, 2

uneventful, 6
unexpected, 14
unexpectedly, 3

unfairly, 3
unfaithful, 1

unfamiliar, 1
unfavorable, 1

unfinished, 3

unforeseen, 1

unfortunate, 11
unfortunately, 21

unfriendly, 1






unhappy, 2
unhealthy, 2




unimportant, 2

uninsured, 1



unjust, 17


unjustified, 3



unknown, 33


unlawful, 4
unlawfully, 7



unlikely, 44


unnatural, 1

unnecessary, 11
unneeded, 2








unpleasant, 2

unpopular, 5
unpredictable, 1


unprofitable, 1






unravel, 5



unrealistic, 1
unreasonable, 22
unreasonably, 6



unreliable, 3
unresolved, 6



unsafe, 3


unscrupulous, 1








unsophisticated, 2



unspecified, 2
unstable, 3



unsuccessful, 3
unsuccessfully, 5


unsure, 11
unsuspecting, 1


untested, 1


untimely, 1
untouched, 2







unusual, 18
unusually, 10

unwanted, 2


unwelcome, 1


unwilling, 11

unwillingness, 4


unworkable, 3

unyielding, 1









upset, 6




urgent, 38



utterly, 2

vague, 10





vehemently, 7





venomous, 3

vent, 1



vexing, 2





vibration, 1
vice, 306
vicious, 1





vilify, 1










violate, 5
violation, 12








