Term, frequencya+, 9
abound, 11

abundance, 14
abundant, 40

accessible, 33
acclaim, 1
acclaimed, 10


accolades, 4


accomplish, 121
accomplished, 98
accomplishment, 18
accomplishments, 51
accurate, 382
accurately, 70
achievable, 17
achievement, 33
achievements, 20

acumen, 4
adaptable, 5
adaptive, 3
adequate, 228
adjustable, 15
admirable, 7

admiration, 2
admire, 6

admiring, 2

adorable, 5
adore, 1
adored, 2

adoring, 1

adroit, 1




advanced, 243
advantage, 500
advantageous, 16

advantages, 66

adventurous, 2
advocate, 161
advocated, 37
advocates, 190

affable, 1


affection, 2

affinity, 4
affirm, 3
affirmation, 8
affirmative, 39

affluent, 16
afford, 197
affordable, 102


agile, 11


agreeable, 71



alluring, 1

altruistic, 1

amaze, 8
amazed, 20
amazement, 6
amazes, 4
amazing, 82
amazingly, 8
ambitious, 53

ameliorate, 1
amenable, 26



amiable, 2

amicable, 22
amicably, 4

ample, 46
amply, 9
amuse, 1
amusing, 2

angel, 62
angelic, 5

appeal, 324
appealing, 40
applaud, 20
appreciable, 3
appreciate, 855
appreciated, 88
appreciates, 16
appreciative, 17
appreciatively, 4
appropriate, 941
approval, 1744
approve, 724
ardent, 15
ardently, 5

articulate, 24
aspiration, 1
aspirations, 10
aspire, 3
assurance, 161
assurances, 79
assure, 118

assuring, 25

astonished, 6
astonishing, 3
astonishingly, 1



astounding, 8

astutely, 1
attentive, 8
attraction, 14
attractive, 143
attractively, 6

audible, 1

auspicious, 3
authentic, 4
authoritative, 15
autonomous, 6
available, 4047

avid, 6
avidly, 3
award, 293
awarded, 139
awards, 219
awe, 2

awesome, 38




backbone, 49
balanced, 111
bargain, 41

beautiful, 121

beautifully, 4

beauty, 46
beckon, 2



believable, 4

beloved, 11
benefactor, 5

beneficial, 74

beneficiary, 41
benefit, 642
benefits, 568
benevolence, 2
benevolent, 3

best, 2482



better, 1708




bless, 21
blessing, 23
bliss, 6
blissful, 8


blockbuster, 189
bloom, 31
blossom, 3
bolster, 50
bonny, 10
bonus, 178
bonuses, 75
boom, 64
booming, 28
boost, 266





brave, 23
bravery, 1
bravo, 5
breakthrough, 35
breakthroughs, 3

breathtaking, 13

breeze, 9
bright, 90
brighten, 6
brighter, 19
brightest, 15
brilliance, 2

brilliant, 20

brisk, 2
brotherly, 2
bullish, 99
buoyant, 4

calm, 47
calming, 9

capability, 139
capable, 129

captivate, 3
captivating, 7
carefree, 2
cashback, 1

catchy, 1
celebrate, 88
celebrated, 14
celebration, 57
celebratory, 6
champ, 8
champion, 29
charisma, 5
charismatic, 8
charitable, 28
charm, 11
charming, 29
charmingly, 1

cheaper, 132
cheapest, 34
cheer, 14
cheerful, 3
cheery, 1
cherish, 3
cherished, 2

chic, 5


civility, 4

clarity, 55
classic, 64
classy, 9
clean, 880
cleaner, 76
cleanest, 13

cleanly, 7
clear, 1130

cleared, 187
clearer, 36
clearly, 450
clears, 36
clever, 10
cleverly, 10

coherence, 2
coherent, 12
cohesive, 11
colorful, 22

comfort, 86
comfortable, 369
comfortably, 10
comforting, 6

commend, 7
commendable, 1
commendably, 3
commitment, 367

compact, 62
compactly, 1
compassion, 1
compassionate, 3
compatible, 26
competitive, 755
complement, 24
complementary, 11
complemented, 8
complements, 9
compliant, 31
compliment, 4
complimentary, 61
comprehensive, 422

conciliatory, 24
concise, 26
confidence, 189
confident, 230
congenial, 1
congratulate, 38
congratulation, 2
congratulations, 96
congratulatory, 3
conscientious, 5

consistent, 380
consistently, 142
constructive, 76
consummate, 11
contentment, 5
continuity, 28

contribution, 164
convenience, 224
convenient, 146
conveniently, 16

convienient, 1

convincing, 29

cool, 181
coolest, 17
cooperative, 72
cooperatively, 13
cornerstone, 16
correct, 607
correctly, 106




courage, 20
courageous, 5


courteous, 5

covenant, 34
cozy, 10
creative, 109
credence, 1
credible, 27
crisp, 21
crisper, 1
cure, 71

cushy, 1
cute, 31



daring, 7

darling, 17
dashing, 2

dawn, 151
dazzle, 3

dazzling, 8


decency, 17
decent, 73
decisive, 23

dedicated, 208
defeat, 45
defeated, 12
defeating, 11
defeats, 15
defender, 4
deference, 10
deft, 1

delectable, 3
delicacy, 2
delicate, 29
delicious, 31
delight, 19
delighted, 38
delightful, 5
delightfully, 1

dependable, 13


deserving, 4
desirable, 35
desiring, 6

destiny, 11





dignified, 2
dignify, 2
dignity, 5
diligence, 217
diligent, 15
diligently, 30
diplomatic, 11

distinction, 30
distinctive, 5
distinguished, 62
diversified, 31
divine, 17
divinely, 1
dominate, 32
dominated, 80
dominates, 11







durable, 8
dynamic, 118
eager, 96
eagerly, 16

earnest, 47


ease, 219
eased, 33
eases, 10
easier, 287
easiest, 35

easing, 36
easy, 448

easygoing, 2




economical, 23


ecstatic, 1


educated, 17
effective, 1216
effectively, 281
effectiveness, 56

efficacious, 1
efficient, 323
efficiently, 76

effortlessly, 2

effusive, 3


elan, 6

elated, 2

elation, 1
electrify, 2
elegance, 8
elegant, 35

elevate, 7
elite, 86

eloquent, 1
eloquently, 1
embolden, 3
eminence, 1
eminent, 120
empathize, 1
empathy, 3
empower, 13
empowerment, 3
enchant, 4

enchanting, 5
enchantingly, 4
encourage, 442
encouragement, 16
encouraging, 79

endear, 1

endorse, 43
endorsed, 85
endorsement, 36
endorses, 14
endorsing, 17
energetic, 9
energize, 4


engaging, 55
engrossing, 1
enhance, 141
enhanced, 115
enhancement, 36
enhances, 9
enjoy, 424
enjoyable, 18

enjoyed, 237
enjoying, 87
enjoyment, 5
enjoys, 9
enlighten, 8
enlightenment, 1
enliven, 1

enough, 1459



enrich, 6

enterprising, 2
entertain, 38
entertaining, 24
entertains, 5


enthralled, 1
enthuse, 4
enthusiasm, 40
enthusiast, 2
enthusiastic, 23
enthusiastically, 5
entice, 12
enticed, 4
enticing, 7

entranced, 2

entrust, 6
enviable, 2

envious, 3


envy, 8
equitable, 39



ethical, 44

euphoria, 2



evenly, 17
eventful, 1
everlasting, 3



exalted, 1






exceed, 285
exceeded, 85
exceeding, 54
exceedingly, 7
exceeds, 91
excel, 90


excellant, 2
excelled, 1
excellence, 26

excellent, 243

excels, 1
exceptional, 32
exceptionally, 22
excite, 16
excited, 183
excitedly, 1

excitement, 44
excites, 1
exciting, 168



exemplary, 24



exhilaration, 3

expansive, 7
expeditiously, 12

exquisite, 3



extraordinarily, 20
extraordinary, 129
exuberance, 3

exuberantly, 1







eyecatching, 2
fabulous, 36
fabulously, 1
facilitate, 237
fair, 438
fairly, 273
fairness, 31
faith, 205
faithful, 7
faithfully, 6

fame, 11
famed, 2
famous, 58
famously, 4


fancy, 13
fanfare, 5
fans, 40
fantastic, 74


fascinating, 12

fascination, 2
fashionable, 4

fast, 741


faster, 138
fastest, 63




favor, 413
favorable, 141
favored, 54
favorite, 269

favour, 82
fearless, 3

feasible, 52

feat, 4






fertile, 4
fervent, 1



fervor, 5
festive, 5
fidelity, 44
fiery, 3
fine, 749

finely, 5
finer, 3
finest, 19
firmer, 11



flashy, 1
flatter, 5


flawless, 1

flexibility, 229
flexible, 127
flourish, 6
flourishing, 1
fluent, 9
flutter, 2
fond, 22
fondly, 1
fondness, 2

foremost, 11
foresight, 5
formidable, 31
fortitude, 1
fortuitous, 3

fortunate, 20
fortunately, 69
fortune, 207
fragrant, 7
free, 3179
freed, 32
freedom, 81
freedoms, 3
fresh, 180
fresher, 1
freshest, 4

friendly, 143


fruitful, 28
ftw, 1
fulfillment, 14
fun, 420

futuristic, 4


gain, 333
gained, 110

gainfully, 2
gaining, 67
gains, 198
gallant, 2




gem, 8
gems, 6
generosity, 8
generous, 74
generously, 5

genius, 21
gentle, 20

genuine, 43
gifted, 2
glad, 328

gladly, 14

glamorous, 4
glee, 1
gleeful, 3
gleefully, 3
glimmer, 3



glitter, 1
glitz, 1
glorify, 2
glorious, 11

glory, 9
glow, 4
glowing, 9




godsend, 1
gold, 165
golden, 193
good, 4048

goodness, 6
goodwill, 42
goood, 2

gorgeous, 23

grace, 62
graceful, 2

gracious, 9
graciously, 15

grand, 308

grateful, 89
gratefully, 6
gratification, 4
gratified, 7


gratifying, 2

gratitude, 5
great, 2538
greatest, 123
greatness, 1
grin, 2
groundbreaking, 9
guarantee, 823
guidance, 143


gush, 3


hail, 9
halcyon, 2
hale, 10
hallmark, 3
hallmarks, 2
hallowed, 1

handily, 3

handsome, 13
handsomely, 16
handy, 35
happier, 8
happily, 12
happiness, 14
happy, 949


hardy, 60
harmless, 18
harmonious, 1

harmonize, 1
harmony, 3
headway, 9
heal, 9

healthy, 114

heartening, 1
heartfelt, 5
heartily, 2

heaven, 17

helped, 355
helpful, 415
helping, 313
hero, 20
heroic, 6

heroine, 1




hilarious, 3
holy, 8
homage, 3
honest, 63
honesty, 6
honor, 173
honorable, 64
honored, 73
honoring, 19
hooray, 1
hopeful, 93
hospitable, 4
hot, 783


hottest, 61
hug, 13
humane, 8
humble, 26
humility, 2
humor, 47
humorous, 8

humour, 1

ideal, 96

ideally, 50



idyllic, 6
illuminate, 3

illuminating, 2

illustrious, 10


imaginative, 3


immense, 11
impartial, 9


impassioned, 1


important, 1489
impress, 26
impressed, 41

impressive, 71


improve, 423
improved, 156
improvement, 87
improvements, 119
improves, 35
improving, 124
incredible, 98
incredibly, 66
indebted, 4
individualized, 6
indulgence, 4
indulgent, 1

inestimable, 3

inexpensive, 22
infallibility, 1
infallible, 1

influential, 62
ingenious, 3

ingenuity, 5


innocuous, 5
innovation, 130
innovative, 158

insightful, 5

inspiration, 5
inspirational, 2
inspire, 28
inspiring, 2
instantly, 25
instructive, 3
instrumental, 35
integral, 35
integrated, 210
intelligence, 279
intelligent, 47
intelligible, 1
interesting, 298
interests, 471
intimacy, 1
intimate, 17
intricate, 8
intrigue, 3
intriguing, 36

intuitive, 4
invaluable, 22

inventive, 4
invigorate, 2
invigorating, 1





irreplaceable, 1







jolly, 28

joy, 30


joyous, 7

jubilant, 1




judicious, 3

keen, 142
keenly, 4



kindly, 100
kindness, 5
knowledgeable, 72
kudos, 5

laud, 2
laudable, 3

lavish, 18
lavishly, 4

lawful, 13
lawfully, 4
lead, 985
leading, 667
leads, 110
lean, 33
led, 525
legendary, 19
leverage, 169

liberate, 2
liberation, 4
liberty, 54


lighter, 21

like, 8469
liked, 92
likes, 115
liking, 8

lively, 16
logical, 62

lovable, 3

love, 705
loved, 66

lovely, 39
lover, 13
loves, 42
loving, 27





loyal, 28
loyalty, 8
lucid, 2
lucidly, 1
luck, 186



lucky, 72
lucrative, 50
luminous, 1
lush, 16
luster, 1



luxurious, 31

luxury, 120

magic, 47
magical, 6



magnificent, 16
magnificently, 1
majestic, 8
majesty, 1
manageable, 16

marvel, 5


marvellous, 4
marvelous, 5



master, 2242
masterful, 3

masterpiece, 5
masterpieces, 4
masters, 203
mastery, 4

mature, 46

maturity, 71
meaningful, 77
memorable, 9


mercy, 47
merit, 58
meritorious, 6

merriment, 2

merry, 15


mesmerizes, 4
mesmerizing, 3

meticulous, 5
meticulously, 3
mightily, 3
mighty, 27

miracle, 7
miracles, 26
miraculous, 1
miraculously, 4

modern, 78
modest, 75

momentous, 2
monumental, 6
monumentally, 4

motivated, 41

navigable, 1
neat, 26

neatly, 6
nice, 436
nicely, 38
nicer, 8
nicest, 1
nifty, 2
nimble, 2
noble, 16




notably, 28
noteworthy, 20


nourishment, 1
novelty, 9
nurturing, 1
oasis, 70
obsession, 3
obsessions, 1
obtainable, 6
openly, 32
openness, 8
optimal, 21
optimism, 37
optimistic, 84

orderly, 27

outdo, 1
outdone, 5
outperform, 12
outperformed, 6
outperforming, 9

outshine, 3

outsmart, 2
outstanding, 560

outstrip, 3

ovation, 1
overjoyed, 1
overtake, 4
overtaken, 1
overtakes, 2
overtaking, 2

overture, 4

painless, 9


pamper, 6




panoramic, 11
paradise, 36
paramount, 35
pardon, 21
passion, 21
passionate, 10
passionately, 4
patience, 92
patient, 65
patiently, 6
patriot, 1
patriotic, 6
peace, 162

peaceful, 6
peacefully, 2

peach, 1
peerless, 6
pep, 316




perfect, 238
perfection, 32
perfectly, 50
permissible, 36
perseverance, 2


personalized, 46
phenomenal, 10
phenomenally, 5
picturesque, 7

pinnacle, 28
playful, 3

pleasant, 41
pleasantly, 7
pleased, 338
pleases, 1


pleasurable, 1

pleasure, 115
plentiful, 19
pluses, 7
plush, 1
plusses, 1


poignant, 2

poised, 63
polished, 11
polite, 2
politeness, 1
popular, 200
portable, 46
posh, 2
positive, 391
positively, 33
positives, 5
powerful, 183
powerfully, 3
praise, 18

praising, 14

precious, 34
precise, 62
precisely, 51
preeminent, 4
prefer, 486
preferable, 64
preferably, 26
prefered, 1

preferring, 11
prefers, 46
premier, 133
prestige, 7
prestigious, 17

pretty, 795
priceless, 8
pride, 34
principled, 1
privilege, 116
privileged, 1161
prize, 56
proactive, 51


prodigious, 1

prodigy, 2
productive, 62
productively, 3
proficient, 3

profound, 20
profoundly, 4


progress, 587
progressive, 11
prolific, 3
prominence, 13
prominent, 85
promise, 180
promised, 249
promises, 91
promising, 73
promoter, 11
prompt, 166
promptly, 126
proper, 211
properly, 200
propitious, 2

pros, 43
prosper, 4
prosperity, 5
prosperous, 10

protect, 467
protection, 503
protective, 55
proud, 139
proven, 140
proves, 19
providence, 101
proving, 27
prowess, 3
prudence, 16
prudent, 89
prudently, 9

pure, 70


quaint, 11
qualified, 254
qualify, 135
quicker, 48
quiet, 80
quieter, 3
radiance, 8

rapid, 94
rapport, 6
rapt, 14





rational, 46

reachable, 9
readable, 4
readily, 45
ready, 1086
reaffirm, 15
reaffirmation, 2
realistic, 83

reasonable, 556
reasonably, 115
reasoned, 3
reassurance, 4
reassure, 31
receptive, 35
reclaim, 20
recomend, 1
recommend, 344
recommendation, 273
recommendations, 274
recommended, 329
reconcile, 33
reconciliation, 45

recover, 339
recovery, 297
rectification, 2
rectify, 9

redeem, 35
redeeming, 14
redemption, 9
refine, 36
refined, 45
refinement, 2
reform, 339
reformed, 7
reforming, 8
reforms, 125
refresh, 28
refreshed, 6
refreshing, 12
refund, 322
refunded, 23
regal, 6

regard, 400
rejoice, 2



rejuvenated, 1

relaxed, 35
relent, 3
reliable, 267
reliably, 7
relief, 498
relish, 2
remarkable, 31
remarkably, 14
remedy, 100
remission, 1

renaissance, 35
renewed, 84

renowned, 18

reputable, 10
reputation, 125
resilient, 6
resolute, 2

resounding, 1
resourceful, 2

respect, 1248
respectable, 4
respectful, 10
respectfully, 23
respite, 6
resplendent, 1
responsibly, 8
responsive, 123
restful, 13
restored, 25
restructure, 113
restructured, 52
restructuring, 452
retractable, 3
revel, 2
revelation, 4
revere, 3
reverence, 5
reverent, 2

revitalize, 4
revival, 12
revive, 27

revolutionary, 11
revolutionize, 9
revolutionized, 3

reward, 75
rewarding, 12

rich, 375
richer, 4
richly, 1

right, 2716

righteous, 1

righteousness, 1
rightful, 2
rightfully, 4
rightly, 12


robust, 76




romantic, 56
romantically, 1


roomy, 2
rosy, 18
safe, 218
safely, 24


saint, 12


salutary, 2
salute, 14
sane, 5
satisfactorily, 3
satisfactory, 60
satisfied, 91
satisfies, 20
satisfy, 126
satisfying, 20

saver, 8
savings, 606
savior, 3
savvy, 26
scenic, 27
seamless, 31
seasoned, 35
secure, 380
securely, 9
selective, 20





sensation, 3
sensational, 8

sensations, 1
sensible, 32
sensibly, 3
sensitive, 140
serene, 3
serenity, 2
sexy, 2
sharp, 205

sharpest, 6


shine, 16
shiny, 3
significant, 1039
silent, 71
simpler, 10
simplest, 17
simplified, 24
simplifies, 4
simplify, 24
simplifying, 10
sincere, 15
sincerely, 61
sincerity, 3
skill, 23
skilled, 22
skillful, 1
skillfully, 2
slammin, 2
sleek, 2
slick, 7
smart, 127
smarter, 11
smartest, 13

smile, 75
smiles, 9
smiling, 9


smooth, 56
smoother, 4


smoothly, 14

snazzy, 1

soft, 163
softer, 5
solace, 4


solid, 186

soothe, 2

sophisticated, 72


soundness, 4
spacious, 14

sparkling, 11
spectacular, 37
spectacularly, 3
speedily, 2
speedy, 32




spirited, 3
spiritual, 13
splendid, 1
splendidly, 4

spontaneous, 7
sporty, 2


stability, 129
stabilize, 75
stable, 95
stainless, 7
standout, 2

stately, 1

staunch, 6
staunchly, 2

steadfast, 9
steadfastly, 14



steady, 67
stellar, 29

stimulate, 28
stimulates, 3
stimulating, 6
stimulative, 1

straighten, 4
straightforward, 24
streamlined, 32
striking, 33
strikingly, 2
striving, 9
strong, 1064
stronger, 58
strongest, 73
stunned, 15
stunning, 27
stunningly, 1
stupendous, 1

sturdier, 1
sturdy, 2
stylish, 13




sublime, 2
subsidize, 23
subsidized, 21

subsidizing, 11
substantive, 104
succeed, 66
succeeded, 24
succeeding, 19
succeeds, 27

success, 443
successes, 34
successful, 481
successfully, 169
suffice, 18


sufficient, 303
sufficiently, 46
suitable, 64



super, 201
superb, 13
superbly, 1
superior, 206
superiority, 2
supple, 7
support, 2750
supported, 237
supporter, 32
supporting, 356
supportive, 74
supports, 185

supreme, 773
supremely, 2



surpass, 18
surreal, 6
survival, 25
survivor, 11
sustainability, 8
sustainable, 68
swank, 12


swanky, 3
sweeping, 51
sweet, 172
sweeten, 4
sweetheart, 11

sweetness, 2
swift, 68

talent, 92
talented, 35
talents, 13

tantalizing, 5

tempt, 2
tempting, 8

tenacious, 1
tenaciously, 1
tenacity, 3
tender, 60

terrific, 39

thank, 2202
thankful, 5
thinner, 2
thoughtful, 42
thoughtfully, 1
thoughtfulness, 2
thrift, 10
thrifty, 1
thrill, 11
thrilled, 31
thrilling, 11

thrills, 2
thrive, 18
thriving, 7


tickle, 1
tidy, 6

timely, 223





tolerable, 6

top, 1758


topnotch, 8
tops, 33
tough, 210
tougher, 37
toughest, 14
traction, 11
tranquil, 1

transparent, 66
treasure, 23
tremendously, 6
trendy, 5
triumph, 10


triumphantly, 2

trophy, 5

trump, 8
trumpet, 7
trust, 514
trusted, 25
trusting, 7

trustworthiness, 1
trustworthy, 3
trusty, 4
truthful, 2




unabashed, 2
unabashedly, 1
unaffected, 12

unbeatable, 6
unbiased, 9
unbound, 6

unconditional, 24
undamaged, 5

understandable, 19


undisputed, 5

unequivocal, 1
unequivocally, 9
unfazed, 9
unfettered, 16
unforgettable, 16
unity, 7
unlimited, 100
unmatched, 14
unparalleled, 2

unquestionably, 2
unreal, 3
unrestricted, 16
unrivaled, 1
unselfish, 1
unwavering, 5
upbeat, 10


upgraded, 82
upheld, 26
uphold, 10
uplift, 15
uplifting, 1


upscale, 7
usable, 8
useable, 1
useful, 331


valiant, 8
valiantly, 5
valor, 7
valuable, 231
variety, 239

verifiable, 5
veritable, 2
versatile, 1
versatility, 5
vibrant, 23

victorious, 1
victory, 62
viewable, 11
vigilance, 2
vigilant, 5
virtue, 36


visionary, 34

vivid, 2
vouch, 7

warm, 170
warmer, 29

warmly, 3
warmth, 3
wealthy, 19
welcome, 355
well, 3537




















wellbeing, 8
whoa, 1
wholeheartedly, 6
wholesome, 6



willing, 823
willingly, 7
willingness, 120
win, 390
windfall, 196

winner, 71
winners, 113
winning, 106
wins, 50
wisdom, 37
wise, 100
wisely, 11
witty, 12
won, 1366
wonder, 188
wonderful, 130
wonderfully, 8


wonders, 24
wondrous, 2
woo, 26
work, 4893
workable, 54
worked, 793
works, 1081

worth, 754

worthiness, 20
worthwhile, 43
worthy, 36
wow, 31
wowed, 2


yay, 2
youthful, 3
zeal, 5

zest, 3
zippy, 1


abnormal, 5
abolish, 7




abort, 2
aborted, 6


abrasive, 2
abrupt, 7
abruptly, 9

absence, 219

absentee, 2
absurd, 12
absurdity, 2
absurdly, 2

abuse, 96
abused, 23
abuses, 47
abusive, 14
abysmal, 1

abyss, 3
accidental, 3


accusation, 13
accusations, 67
accuse, 24
accuses, 11
accusing, 37


acerbic, 2

ache, 1

aches, 3

aching, 1



acrimonious, 3

acrimony, 3
adamant, 24
adamantly, 25
addict, 3
addicted, 1
addicting, 1
addicts, 1



admonishment, 2
admonition, 8




adversarial, 7
adversary, 6
adverse, 139
adversity, 5



affront, 1
afraid, 106
aggravate, 6
aggravating, 1
aggravation, 7

aggressive, 250
aggressiveness, 3


aggrieved, 4

aghast, 4


agonizing, 4
agonizingly, 1
agony, 3
aground, 5

ailing, 42
ailment, 3
aimless, 2
alarm, 30
alarmed, 13
alarming, 12
alarmingly, 2
alienate, 4

alienation, 2
allegation, 25
allegations, 136
allege, 39
allergic, 3
allergies, 4
allergy, 7
aloof, 2

ambiguity, 42
ambiguous, 33
ambivalence, 3
ambivalent, 2
ambush, 2
amiss, 1
amputate, 2




anemic, 2
anger, 45
angrily, 5

angry, 80
anguish, 1
animosity, 6


annoy, 5
annoyance, 4

annoyed, 4
annoying, 35



anomaly, 12
antagonism, 2

antagonistic, 2
antagonize, 2










antiquated, 5


anxiety, 26
anxious, 113
anxiously, 12

apathetic, 4

apathy, 1
apocalypse, 2

apologist, 1
apologists, 16


appalled, 5
appalling, 2

apprehension, 8
apprehensions, 4
apprehensive, 4

arbitrary, 16
arcane, 12

arduous, 9

argumentative, 2
arrogance, 5
arrogant, 4
arrogantly, 2
ashamed, 8






aspersions, 1
assail, 2


assault, 34

astray, 2
asunder, 1

atrocities, 1


attack, 99
attacks, 54
audacious, 2


audacity, 2


authoritarian, 2
autocrat, 1

avalanche, 7

avaricious, 1


averse, 6
aversion, 4

awful, 15
awfully, 7
awfulness, 1
awkward, 18
awkwardness, 1
ax, 4
babble, 3







backbiting, 6
backward, 20



bad, 699
badly, 49

baffled, 5

baffling, 2
bait, 8
balk, 11


bane, 1


bankrupt, 113






barren, 2
baseless, 2
bash, 20
bashed, 4
bashful, 1
bashing, 3
bastard, 2
bastards, 2
battered, 13


bearish, 66




beg, 10


begging, 15


belated, 18
beleaguer, 1
belie, 7


belittling, 1

belligerence, 1
belligerent, 4

bemoan, 4

bemused, 1
bent, 15
berate, 5

bereavement, 1
bereft, 1
berserk, 1

beset, 7



betray, 3
betrayal, 3





beware, 12

bewildered, 3




bias, 50
biased, 21
biases, 4

bickering, 6



bitch, 39

biting, 7

bitter, 36
bitterly, 7
bitterness, 1
bizarre, 9


blackmail, 1
blah, 13
blame, 294

bland, 37




blasted, 35
blatant, 5
blatantly, 6
blather, 2
bleak, 23


bleed, 9
bleeding, 25
bleeds, 1

blind, 40
blinding, 2



blistering, 4
bloated, 5


bloodshed, 1

bloody, 6

blow, 104
blunder, 7
blundering, 3
blunders, 6
blunt, 22
blur, 4



blurry, 1




bogus, 6
boil, 31
boiling, 12
boisterous, 5
bomb, 20
bombard, 11


bondage, 1

bore, 16
bored, 19
boredom, 5

boring, 20

bother, 54
bothered, 13
bothering, 9
bothers, 12
bothersome, 3

boycott, 6







brat, 1

brazen, 3


breach, 203
break, 402


breakdown, 76
breaking, 144
breaks, 59
breakup, 10
breakups, 1
bribery, 4



broke, 104
broken, 128


browbeat, 1

bruised, 5
bruises, 1
bruising, 2

brutal, 10





brutally, 2
brute, 1
brutish, 1
bs, 49
buckle, 3
bug, 18
bugging, 12

bugs, 10






bullies, 2
bullshit, 9

bully, 6
bullying, 4

bum, 3
bump, 19
bumped, 8
bumping, 7

bumps, 14
bumpy, 9


bungling, 5

burden, 223
burdensome, 35

burn, 97
burned, 45
burning, 64
burns, 112
bust, 25
busts, 7

butcher, 10

buzzing, 3
byzantine, 3


calamitous, 2

calamity, 2
callous, 3






cancer, 56
cancerous, 2



capricious, 3
capriciously, 3

capsize, 1
careless, 2
carelessness, 1
caricature, 3
carnage, 2



castigate, 2

casualty, 7


cataclysmic, 1

catastrophe, 7

catastrophic, 18


caustic, 2

cautionary, 4
cave, 5
censure, 12
chafe, 3
chaff, 1
chagrin, 2
challenging, 91
chaos, 30
chaotic, 19

chastise, 2
chastisement, 1


cheap, 193

cheaply, 12
cheat, 9
cheated, 1

cheating, 9



cheesy, 1


chill, 16
chilly, 12

choke, 3

choppy, 15
chore, 6
chronic, 21

clamor, 4

clash, 22
cliche, 1

clique, 1

clogged, 5

cloud, 44
clouding, 2
cloudy, 21
clueless, 2
clumsy, 8


cocky, 2
coerce, 7

coercive, 1
cold, 214

collapse, 49
collude, 3
collusion, 29
combative, 2



commonplace, 11



complain, 65
complained, 106
complaining, 31
complains, 9
complaint, 346
complaints, 120
complex, 337
complicated, 143
complication, 15



concede, 15
conceded, 47




concern, 692
concerned, 594
concerns, 918
concession, 53
concessions, 55
condemn, 6

condemnation, 29
condemned, 14
condemns, 2




confess, 18
confession, 2
confessions, 1
confined, 29
conflict, 268
conflicted, 18
conflicting, 47
conflicts, 144



confront, 17
confrontation, 15
confrontational, 8
confuse, 20
confused, 83
confuses, 4
confusing, 87
confusion, 115

congested, 7
congestion, 185
cons, 13

conservative, 84
conspicuous, 4
conspicuously, 3

conspiracy, 46

conspiratorial, 2
conspire, 4
consternation, 5
contagious, 1

contaminated, 18


contamination, 59
contempt, 27
contemptible, 1


contend, 74
contention, 54
contentious, 53

contortions, 2
contradict, 9
contradiction, 6
contradictory, 18

contravene, 3
contrive, 1
contrived, 8
controversial, 173
controversy, 162
convoluted, 7
corrode, 1
corrosion, 1


corrupt, 13
corrupted, 7
corrupting, 1
corruption, 41


costlier, 5
costly, 132

counterproductive, 28



cowardly, 4

crack, 225
cracked, 6
cracks, 24


crafty, 2
cramp, 3

cramping, 1
cranky, 2
crap, 27
crappy, 7

crash, 48
crashed, 14
crashes, 5
crashing, 9

craven, 3

craze, 4
crazily, 1
craziness, 8
crazy, 84
creak, 1



creep, 1
creeping, 8

creepy, 2
crept, 6
crime, 65
criminal, 232
cringe, 3


cripple, 6
crippled, 17

crippling, 13
crisis, 2250
critic, 28
critical, 617
criticism, 138
criticisms, 15
criticize, 29
criticized, 174
criticizing, 28
critics, 244

crook, 7
crooked, 3

crowded, 20

crude, 648
cruel, 4

cruelest, 2



cruelty, 3
crumble, 1
crumbling, 6
crummy, 2



crush, 17
crushed, 14
crushing, 8
cry, 34
culpable, 1
culprit, 8
cumbersome, 14



curse, 10
cursed, 1
curses, 1
curt, 191
cuss, 1

cutthroat, 4
cynical, 7
cynicism, 4

damage, 264
damaged, 72
damages, 311
damaging, 21
damn, 44



damned, 10
damning, 2
damper, 1
danger, 73
dangerous, 69

dark, 180
darken, 11
darkened, 16
darker, 6
darkness, 30


daunt, 2
daunting, 4



dazed, 1
dead, 170
deadbeat, 2
deadlock, 10
deadly, 8

deaf, 12
dearth, 9
death, 146
debacle, 21



debatable, 2


debauchery, 1

debilitating, 2

debt, 1201
debts, 209

decadent, 2
decay, 1

deceit, 3
deceitful, 2


deceive, 2


deceiving, 2

deceptive, 11
deceptively, 1

decline, 207
declines, 63
declining, 94

decrepit, 7


defamation, 8

defamatory, 1

defect, 18
defective, 18
defects, 10
defensive, 27
defiance, 2
defiant, 1

deficiencies, 26
deficiency, 67
deficient, 13



deformed, 2

defunct, 19
defy, 7
degenerate, 1


degradation, 16
degrade, 12






dejected, 3


delay, 468
delayed, 189
delaying, 58
delays, 176
delinquency, 1
delinquent, 7




deluge, 4

delusional, 1


demeaning, 2
demise, 20
demolish, 1



demonize, 6
demonized, 7

demonizing, 1



denial, 47
denied, 234
denies, 49

denounce, 2
dense, 18
dent, 15
dented, 3




deny, 97
denying, 52
deplete, 4
deplorable, 3








depress, 6
depressed, 42
depressing, 12
depressingly, 1
depression, 19

deprive, 3
deprived, 21





derogatory, 7

desert, 76






desolation, 1
despair, 6


desperate, 56
desperately, 50
desperation, 12








despondent, 2






destitute, 3

destroy, 280
destroyer, 3
destruction, 41
destructive, 11
desultory, 1
deter, 26
deteriorate, 7
deteriorating, 25
deterioration, 31
deterrent, 10






detract, 4

detracting, 2

detracts, 2
detriment, 14
detrimental, 16
devastate, 3
devastated, 4

devastating, 14

devastation, 2
deviate, 10
deviation, 9
devil, 18

devilishly, 2


devious, 2


devoid, 8



diametrically, 1

diatribe, 2

dick, 244
dictator, 2

die, 50

died, 76
dies, 26
difficult, 682
difficulties, 108
difficulty, 128

dilapidated, 2
dilemma, 28

dim, 32
dimmer, 2
din, 1
ding, 10
dings, 1

dire, 71


dirt, 28



dirty, 76
disable, 11
disabled, 23

disadvantage, 20
disadvantaged, 15
disadvantageous, 1
disadvantages, 7

disaffected, 1

disagree, 73


disagreed, 37
disagreeing, 9
disagreement, 35
disagrees, 24
disallow, 5



disappoint, 3
disappointed, 59
disappointing, 35

disappointment, 11
disappointments, 1
disappoints, 1

disapproval, 2
disapprove, 17

disarm, 3
disarray, 7
disaster, 71

disastrous, 28
disastrously, 5
disavow, 3

disbelief, 3


disclaim, 2



discomfort, 2



disconcerting, 3




discontent, 5


discontinued, 9

discontinuous, 1
discord, 2



discourage, 82
discouragement, 1
discouraging, 27




discredit, 11

discriminate, 9
discrimination, 71
discriminatory, 23
disdain, 4




disgrace, 2
disgraced, 2



disgruntled, 6
disgust, 4
disgusted, 2



disgusting, 4
disgustingly, 2

disheartening, 2

dishonest, 2


dishonor, 3






disinclination, 2
disinclined, 1
disingenuous, 6
disingenuously, 2

disintegrated, 1

disintegration, 2

disinterested, 2
dislike, 3
disliked, 2
dislikes, 1




dismal, 7
dismally, 1

dismay, 14
dismayed, 7
dismaying, 2



disobedience, 1



disorder, 4

disorderly, 2
disorganized, 1



disparage, 1




dispirited, 2


displace, 11
displaced, 8

displeased, 6

displeasure, 6
disproportionate, 9
disprove, 1

dispute, 665
disputed, 66
disquiet, 1
disquieting, 1


disregard, 115



disrespect, 3


disrespectful, 2



disrupt, 20
disruption, 68
disruptive, 13

dissapointed, 1
dissappointed, 3

dissatisfaction, 12

dissatisfied, 18



dissed, 1


dissension, 7
dissent, 25
dissenter, 3

disservice, 2


dissident, 1




dissolution, 20
dissonance, 1


dissuade, 6


distaste, 3
distasteful, 1

distort, 10
distorted, 19
distortion, 3
distorts, 2
distract, 2
distracting, 2
distraction, 12
distraught, 1


distress, 11
distressed, 16
distressing, 2

distrust, 7
distrustful, 2

disturb, 8
disturbance, 8
disturbed, 12
disturbing, 15
disturbingly, 1


divergent, 10
divisive, 6




dizzy, 2


dogged, 7
doggedly, 1

doldrums, 1



doom, 8
doomed, 4
doomsday, 2
dope, 4
doubt, 226
doubtful, 30

doubts, 72



downbeat, 1

downer, 4
downfall, 1

downgrade, 77


downhill, 10
downside, 74
downsides, 2
downturn, 42
downturns, 4

draconian, 4

drag, 44
dragged, 29
dragging, 22

drags, 10
drain, 64
drained, 18
draining, 18
drains, 5
drastic, 28
drastically, 20
drawback, 12
drawbacks, 7
dread, 2

dreadfully, 2

dreary, 2
dripped, 1
dripping, 3

drips, 2





dropout, 1

drought, 59
drowning, 3
drunk, 47

drunken, 4
dubious, 11



dull, 6

dumb, 21

dump, 41
dumped, 21
dumping, 21
dumps, 7

dungeon, 3
dungeons, 1
dupe, 1
dust, 17
dusty, 5
dwindling, 12
dying, 38

eccentric, 4

effigy, 1






egregious, 11


elimination, 50


embarrass, 13
embarrassing, 18

embarrassment, 18
embattled, 20

embroiled, 15

emergency, 918
emphatic, 9
emphatically, 1
emptiness, 2

encroachment, 11
endanger, 11
enemies, 6
enemy, 14




enjoin, 13


enraged, 3



entanglement, 2

entrapment, 1
envious, 3




erase, 12
erode, 4
erodes, 1
erosion, 11
err, 19

erratic, 7

erroneous, 6
erroneously, 11
error, 1646
errors, 115


eschew, 2
estranged, 6
evade, 2
evasion, 2
evasive, 3
evil, 35

evils, 3

exacerbate, 24



exaggerate, 2


exasperated, 4
exasperating, 1

exasperation, 2
excessive, 100
excessively, 21
exclusion, 21

excruciating, 1

excuse, 72
excuses, 35

exhaust, 49
exhausted, 25
exhaustion, 11
exhausts, 2



exorbitant, 44

exorbitantly, 1
expel, 2
expensive, 301
expire, 122
expired, 92
explode, 7
exploit, 41
exploitation, 10
explosive, 6

expropriation, 5




extinguish, 5
extort, 1
extortion, 5
extraneous, 8



extremism, 2
extremist, 6
extremists, 5
eyesore, 2

fabricate, 1
fabrication, 10
facetious, 3
facetiously, 1
fail, 134
failed, 588
failing, 164
fails, 175
failure, 540
failures, 27
faint, 3


fake, 12
fall, 739




fallacy, 1
fallen, 146
falling, 124
fallout, 59
falls, 201
false, 100

falsely, 5

falter, 3
faltered, 3



fanatical, 2


fanatics, 3
fanciful, 5





farfetched, 4





fat, 80


fatal, 41
fatalistic, 2

fatally, 11


fateful, 2


fatigue, 6
fatigued, 2

fatty, 4



fault, 53
faults, 4
faulty, 25

faze, 2
fear, 214
fearful, 18

fears, 101


feeble, 2


feign, 1

fell, 392





fever, 22
feverish, 5

fiasco, 12



fiction, 14

fictitious, 1


fiend, 1

fierce, 16




finicky, 1
fissures, 1
fist, 5


flagging, 9
flagrant, 1
flagrantly, 4
flair, 33

flak, 3
flake, 2
flakey, 2



flare, 10

flareup, 1
flareups, 2


flaw, 24
flawed, 107
flaws, 53
flee, 3

fleeing, 5


fleeting, 2

flicker, 6
flickering, 7
flickers, 1
flighty, 2

flimsy, 1



flounder, 1
floundering, 3


foe, 6
fool, 204
fooled, 3
foolhardy, 2
foolish, 24
foolishly, 10

forbid, 9
forbidden, 9
forbidding, 2
forceful, 13


forfeit, 21
forged, 9



forlorn, 1


forsaken, 1

foul, 12


fractious, 3


fragile, 22
fragmented, 10
frail, 3
frantic, 9
frantically, 9

fraud, 97
fraudulent, 24
fraught, 7

frazzled, 5
freak, 24
freaking, 15


freaks, 1
freeze, 260
freezes, 7
freezing, 18
frenetic, 6

frenzied, 3
frenzy, 14
fret, 7

frets, 2
friction, 6

fried, 21
friggin, 1
frigging, 1


frightening, 7
frighteningly, 1


frigid, 1
frost, 33
frown, 3
froze, 18
frozen, 117
fruitless, 3

frustrate, 10
frustrated, 56
frustrates, 1
frustrating, 25

frustration, 53
frustrations, 8
fuck, 39
fucking, 19
fudge, 4
fugitive, 2




fumes, 2
fundamentalism, 2
funky, 9
funnily, 1
funny, 111
furious, 18
furiously, 5
furor, 3
fury, 2
fuss, 2
fussy, 2


futile, 6

futility, 2
fuzzy, 13
gabble, 1




gall, 5
galling, 2




garbage, 13
garish, 1





geezer, 1








giddy, 4



gimmicks, 1
gimmicky, 1
glare, 2
glaringly, 1
glib, 2

glitch, 9
glitches, 20

gloom, 7
gloomy, 15


glut, 32
gnawing, 1



goof, 2
goofy, 3
goon, 1
gossip, 6


graft, 6


grate, 1
grating, 4
gravely, 2
greasy, 4
greed, 25
greedy, 28
grief, 7
grievance, 6
grievances, 2



grievously, 1
grim, 18

grind, 9
gripe, 1
gripes, 5
grisly, 2
gritty, 1
gross, 267
grossly, 19




grouse, 1
growl, 4



grudgingly, 3


gruff, 1
grumble, 3




grumpy, 3

guilt, 5

guilty, 49
gullible, 1

gutter, 5
hack, 6
hacks, 3
haggard, 1
haggle, 4





hamper, 17
hampered, 10
handicapped, 4
hang, 144
hangs, 16
haphazard, 2
hapless, 3
harangue, 1
harass, 6
harassed, 7
harasses, 1
harassment, 73
harboring, 1
harbors, 3
hard, 1240



hardball, 8
harden, 6
hardened, 2
hardheaded, 2

hardliner, 1

hardship, 9
hardships, 15
harm, 120
harmed, 7
harmful, 25
harms, 1


harried, 1

harsh, 29
harshly, 1

hassle, 24

hassles, 10
haste, 17
hastily, 7
hasty, 4
hate, 120
hated, 3





hates, 6

hatred, 1


haunt, 9
haunting, 2
havoc, 25
hawkish, 5
haywire, 2
hazard, 12
hazardous, 30
haze, 13
hazy, 2

headache, 13
headaches, 11



heartless, 2
heathen, 4

heavyhearted, 1
heck, 45



hectic, 12
hedge, 453


hefty, 44


hegemony, 1

hell, 110


hells, 1
helpless, 7
helplessly, 5

heresy, 1


hesitant, 39


hideously, 1



hinder, 18
hindrance, 3

hissed, 1
hissing, 1

hoard, 2
hoax, 4

hogs, 22
hollow, 10


hooligan, 1
hopeless, 3
hopelessly, 2

horde, 4
horrendous, 2

horrible, 18

horrific, 7
horrified, 3
horrifies, 1



hostage, 21
hostile, 46

hostility, 7
hotbeds, 1



hubris, 1

hum, 7
humid, 4
humiliate, 1
humiliating, 4
humiliation, 3
humming, 6
hung, 46
hurt, 222


hurting, 39
hurts, 23

hype, 9

hypocrisy, 3


hypocritical, 2

hysteria, 4

hysterical, 3
hysterically, 2



idiot, 2
idiotic, 4

idiots, 2
idle, 39




ignorance, 20
ignorant, 2
ignore, 118















illegal, 109
illegally, 29
illegitimate, 1


illness, 9
illogic, 1
illogical, 1

illusion, 9
illusions, 5


imbalance, 197
imbecile, 1
imbroglio, 21
immaterial, 3
immature, 1
imminence, 1





immoral, 6

immorally, 3

impair, 13
impaired, 7
impasse, 18
impatience, 4
impatient, 11

impeach, 3

impede, 32
impediment, 12
impending, 27

imperfect, 1

imperfections, 1

imperialist, 1
imperil, 2


impermissible, 2
impersonal, 3




impinge, 1
impious, 1
implacable, 1
implausible, 1

implicate, 1
implication, 29
implode, 1
impolite, 3




impose, 289

imposing, 83
imposition, 17
impossible, 138

impossibly, 3
impotent, 3

impoverished, 1
impractical, 3

imprecise, 1



imprisonment, 6

improbable, 4
improbably, 1
improper, 41
improperly, 54
impropriety, 2

imprudent, 14






impunity, 2


inability, 104
inaccuracies, 14
inaccuracy, 5
inaccurate, 6
inaccurately, 4
inaction, 45
inactive, 16
inadequacy, 1
inadequate, 50







inappropriate, 62
inappropriately, 2



inattentive, 3

incapable, 7




incessant, 2
incessantly, 1
incite, 2


inclement, 5


incoherent, 5





incompatibility, 1
incompatible, 1
incompetence, 6
incompetent, 11

incomplete, 32

incomprehensible, 1

inconceivable, 3







inconsiderate, 3


inconsistencies, 9
inconsistency, 6
inconsistent, 80


inconstant, 1
inconvenience, 55

incorrect, 80
incorrectly, 23


incredulous, 4



indecent, 1

indecision, 4
indecisive, 2







indifference, 2
indifferent, 52

indignant, 2

indignation, 1
indignity, 1











indulge, 6
ineffective, 14

ineffectiveness, 3
ineffectual, 4




inefficiency, 11
inefficient, 48
inefficiently, 1


ineligible, 14


inept, 7

ineptly, 2


inequitable, 2

inequities, 4

inescapably, 2

inevitable, 30
inevitably, 30
inexcusable, 9

inexorable, 2
inexorably, 1
inexperience, 4
inexperienced, 7






infamous, 16

infamy, 3
infected, 5
infection, 9

inferior, 12



infested, 2




infirm, 1
inflame, 2
inflammation, 2
inflammatory, 6

inflated, 47
inflationary, 7
inflexible, 8
inflict, 2
infraction, 2
infringe, 6
infringement, 27


infuriated, 5




ingratitude, 5
inhibit, 6






inimical, 1




injure, 3
injurious, 1
injury, 58
injustice, 1

innuendo, 1
inoperable, 4
inopportune, 1
inordinate, 1
inordinately, 2
insane, 11

insanity, 2
insatiable, 2
insecure, 4
insecurity, 3

insensitive, 9


insidious, 1

insignificance, 2
insignificant, 9
insignificantly, 2





insinuation, 5




insolvent, 8

instability, 21



instigators, 1





insufficiency, 2
insufficient, 79
insufficiently, 3
insular, 4
insult, 26
insulted, 5
insulting, 1
insultingly, 1
insults, 1


insurmountable, 3




intense, 68
interfere, 34
interference, 42
interferes, 6
intermittent, 24
interrupt, 18
interruption, 45
interruptions, 34



intimidation, 1
intolerable, 1

intolerance, 1



intransigent, 1
intrude, 6
intrusion, 5
intrusive, 17
inundate, 1
inundated, 7

invalid, 10
invalidate, 5

invasive, 2





invisible, 17
involuntarily, 3
involuntary, 111

irate, 3

ire, 11

irked, 5

irks, 2




ironic, 18
ironical, 2
ironically, 40
ironies, 6
irony, 23

irrational, 10

irrationality, 1


irreconcilable, 2







irregular, 6

irrelevance, 2
irrelevant, 18
irreparable, 20

irrepressible, 1


irresponsible, 29
irresponsibly, 3


irreversible, 4


irritant, 1
irritate, 3
irritated, 8
irritating, 6
irritation, 5

isolate, 13
isolated, 39
isolation, 5
issue, 3493
issues, 3403
itch, 4
itching, 1




jam, 37
jarring, 1

jealous, 6


jealousy, 3
jeer, 2
jeering, 1

jeers, 1
jeopardize, 40
jeopardy, 14
jerk, 2
jerky, 6

jitters, 5
jittery, 6

jobless, 19
joke, 36

jolt, 9




junk, 60





kill, 139
killed, 83
killer, 10
killing, 71

kills, 14

knife, 3
knock, 42
knotted, 1
kook, 1

lack, 472
lackadaisical, 1
lacked, 24
lackey, 4
lackeys, 1
lacking, 30
lackluster, 7
lacks, 45

lag, 44
lagged, 8
lagging, 19

lags, 4


lambaste, 1
lame, 5

lament, 2

lamentably, 7
languid, 1




lanky, 4
lapse, 15
lapsed, 2
lapses, 7
lascivious, 1


laughable, 3



lawbreaking, 4
lawless, 9

layoff, 22

lazy, 9
leak, 20
leakage, 5

leaking, 8
leaks, 13
leaky, 2
lech, 2




leer, 3
leery, 10

lemon, 14
lengthy, 85



lethal, 4

lethargy, 1
lewd, 4


liability, 474
liable, 128
liar, 2
liars, 3



lie, 44
lied, 4

lies, 110

lifeless, 2
limit, 658
limitation, 174
limitations, 112
limited, 1462
limits, 459
limp, 5

litigious, 5



loath, 3





lone, 66

lonely, 13

lonesome, 1


longing, 1

loophole, 8
loopholes, 8
loose, 66


lose, 347
loser, 14
losers, 23
loses, 32
losing, 177
loss, 680
losses, 303
lost, 625
loud, 40
louder, 5
lousy, 12



lowly, 6
ludicrous, 5
ludicrously, 2

lukewarm, 11
lull, 4

lunatic, 1

lurch, 1
lure, 18


lurking, 4
lying, 30
macabre, 1
mad, 73
madden, 14

maddeningly, 1


madman, 9
madness, 27



malaise, 1






malice, 4
malicious, 3


malign, 1





mangles, 1

mania, 6


manic, 1
manipulate, 75
manipulation, 189

manipulators, 1
mar, 606
marginal, 140
marginally, 14


mashed, 11
massacre, 1

matte, 1



meager, 8
meaningless, 11
meanness, 1
measly, 4
meddle, 1

mediocre, 2

melancholy, 1


meltdown, 41
menace, 1
menacing, 2






mess, 159
messed, 8
messes, 2
messing, 3
messy, 8
midget, 1

militancy, 2


mirage, 28
mire, 2








misbehavior, 3

miscalculation, 2
miscellaneous, 22
mischief, 3
mischievous, 1

misconception, 3
misconceptions, 10



miser, 2
miserable, 6

miserably, 3

miserly, 1
misery, 5

misfortune, 5

misgivings, 1


misguided, 15



misinformed, 1
misinterpret, 1


mislead, 2
misleading, 33
misleadingly, 1

mismanage, 1


mispronounces, 1
misread, 3
misreading, 2
misrepresent, 3
misrepresentation, 14
miss, 398
missed, 308
misses, 14

mist, 2
mistake, 155
mistaken, 11
mistakenly, 23
mistakes, 48

mistress, 1
mistrust, 1



misunderstand, 5
misunderstanding, 16
misunderstandings, 5
misunderstood, 9
misuse, 11
moan, 4

mock, 10
mocked, 4

mockery, 3
mocking, 2






monster, 28


monstrous, 3

moody, 123
moot, 12

morbid, 1



moribund, 3



mortification, 1
mortified, 3

mortifying, 1
motionless, 2
motley, 199
mourn, 4



muddle, 3
muddy, 12

mudslinging, 1


mundane, 8
murder, 28



murky, 6

mushy, 1

mysterious, 10
mysteriously, 12
mystery, 21

myth, 22
nag, 10
nagging, 12
naive, 5
naively, 3
narrower, 5


nasty, 29
naughty, 2





nebulous, 2

needless, 20
needlessly, 2
needy, 8


negate, 7

negative, 378
negatives, 6
negativity, 1
neglect, 7
neglected, 26
negligence, 50
negligent, 13
nemesis, 2

nervous, 60
nervously, 2
nervousness, 8
nettle, 2
nettlesome, 1




nightmare, 15
nightmarish, 1



noise, 51
noises, 9

noisy, 15

nonexistent, 7

nonsense, 3

notoriety, 3
notorious, 21
notoriously, 7
noxious, 1
nuisance, 8


object, 255
objection, 90
objectionable, 18
objections, 129


obliterated, 1
oblivious, 2
obnoxious, 2

obscene, 23

obscenity, 8
obscure, 20
obscured, 3
obscures, 2
obscurity, 4
obsess, 1



obsolete, 10
obstacle, 30
obstinate, 6

obstruct, 4

obstructing, 4
obstruction, 1

obtrusive, 1





odd, 36



oddity, 3
oddly, 6
odor, 1
offence, 2
offend, 3
offender, 10
offending, 4
offenses, 13
offensive, 27



ominous, 11
ominously, 2
omission, 14
omit, 6

onerous, 21

onslaught, 5
opinionated, 4
opponent, 24
opportunistic, 3
oppose, 208
opposition, 330
oppositions, 3
oppress, 1
oppression, 2




ordeal, 5
orphan, 4

outbreak, 4

outbursts, 2

outcry, 13

outmoded, 2
outrage, 15
outraged, 23
outrageous, 32
outrageously, 2


outsider, 10













overblown, 7

overdone, 4
overdue, 61


overkill, 2
overloaded, 10
overlook, 7
overpaid, 6

overplay, 1
overpower, 1
overpriced, 15


overrun, 17
overshadow, 2
oversight, 232
oversights, 7

oversimplified, 1
oversimplify, 1

overstate, 1
overstated, 4
overstatement, 1


overtaxed, 8
overthrow, 1

overturn, 42

overwhelm, 3
overwhelmed, 17
overwhelming, 25
overwhelmingly, 13
overwhelms, 1
overzealous, 1


pain, 117
painful, 41

painfully, 7
pains, 9
pale, 5
pales, 1
paltry, 3
pan, 57


pandering, 3

panic, 40

panicked, 9
panicking, 2
panicky, 1



paralyzed, 3
paranoia, 3
paranoid, 3

pariah, 3
parody, 4

partisan, 51
partisans, 1

passive, 16

pathetic, 1


paucity, 4
pauper, 4

payback, 32
peculiar, 7
peculiarly, 1



peeved, 2


penalize, 21
penalty, 267
perfidious, 1

perfunctory, 12
peril, 15
perilous, 8
perilously, 9
perish, 1


perplexed, 3
perplexing, 1


persecution, 3
pertinacious, 2


perturb, 2
perturbed, 4
pervasive, 13
perverse, 14
perversely, 2





pessimism, 7
pessimistic, 18

pest, 10

petrified, 2


petty, 6
phobia, 2

phony, 5
picket, 2
picketed, 3
picketing, 1

picky, 2
pig, 42
pigs, 20
pillage, 2


pinch, 9
pique, 3

pitiful, 4
pitifully, 1


pittance, 3
pity, 12
plagiarize, 2
plague, 7


plea, 34
pleas, 30

plight, 17
plot, 27
plotters, 1
ploy, 8
plunder, 1



poison, 20
poisonous, 2





pollute, 3
polluter, 1



poor, 459
poorer, 10
poorest, 7
poorly, 21
posturing, 11

poverty, 4
powerless, 5



precarious, 28
precariously, 3
precipitate, 19
precipitous, 2
predatory, 20
predicament, 7
prejudge, 3
prejudice, 28



preoccupy, 2





pretend, 13
pretense, 2



pricey, 12
pricier, 3
prick, 2




primitive, 7
prison, 43
prisoner, 2
problem, 1601
problematic, 36
problems, 1410
procrastinate, 2

procrastination, 6
profane, 3
profanity, 3
prohibit, 119
prohibitive, 7
prohibitively, 2
propaganda, 3

proprietary, 611
prosecute, 24
protest, 167
protested, 27
protesting, 18
protests, 90
protracted, 18
provocation, 3
provocative, 4
provoke, 10
pry, 5
pugnacious, 1


punch, 29
punish, 23
punishable, 16
punitive, 60
punk, 7
puny, 1


puzzled, 9

puzzling, 5


qualms, 3
quandary, 1
quarrel, 9


quarrels, 2

quash, 13

questionable, 41

quibbles, 1

rabid, 5

racist, 3

racy, 1
radical, 26

radically, 8

rage, 18
ragged, 2
raging, 12
rail, 72
raked, 5
rampage, 1
rampant, 18

rancor, 5
randomly, 7
rankle, 1
rant, 9
ranted, 1
ranting, 3

rants, 2
rape, 21
raped, 4

rascal, 2

rash, 18
rattle, 5
rattled, 4


raving, 4


rebuff, 4
rebuke, 4
recalcitrant, 5

recession, 84

reckless, 4
recklessly, 1
recklessness, 5
recoil, 1

redundancy, 6
redundant, 14
refusal, 99
refuse, 92
refused, 323
refuses, 54
refusing, 118
refutation, 4
refute, 15
refuted, 7
refutes, 5
refuting, 3
regress, 2
regression, 5

regret, 27


regretfully, 1
regrets, 12
regrettable, 1
regrettably, 3

reject, 169
rejected, 318
rejecting, 35
rejection, 48
rejects, 87
relapse, 1
relentless, 2
relentlessly, 1

reluctance, 47
reluctant, 89
reluctantly, 6
remorse, 1





renounce, 2








repression, 1

reprimand, 2





repudiation, 9







repulsive, 1


resent, 11

resentment, 5
resignation, 113
resigned, 84
resistance, 125


restrict, 88
restricted, 153
restriction, 46
restrictive, 16

retaliate, 9
retaliatory, 4
retard, 3
retarded, 7

retards, 2
reticent, 4
retract, 7
retreat, 43
retreated, 8
revenge, 8


revert, 51


revoke, 30
revolt, 9





rhetoric, 93
rhetorical, 2

ridicule, 4

ridiculous, 34
ridiculously, 4
rife, 5
rift, 12
rifts, 2
rigid, 21



riled, 3
rip, 15


ripped, 9
risk, 2394
risks, 424
risky, 29
rival, 78
rivalry, 3
roadblocks, 8
rocky, 72
rogue, 6
rollercoaster, 9
rot, 1
rotten, 7
rough, 125


rude, 12
rue, 12

ruffle, 2
ruin, 17
ruined, 15

ruinous, 1
ruins, 12

rumor, 75
rumors, 68
rumours, 6


runaway, 38

rust, 9

rusty, 121

ruthless, 7
ruthlessly, 2
ruthlessness, 2

sabotage, 1
sack, 9
sacrificed, 6
sad, 29
sadden, 1
sadly, 10
sadness, 5
sag, 2
sagged, 1
sagging, 8




sap, 188
sarcasm, 3
sarcastic, 1
sarcastically, 1


sass, 1
satirical, 2

savage, 24




scam, 10
scams, 3
scandal, 10


scandalous, 1

scandals, 4


scant, 12
scapegoat, 13
scar, 3
scarce, 33
scarcely, 7
scarcity, 34
scare, 28
scared, 39
scarier, 1



scars, 2
scary, 23
scathing, 2

sceptical, 3
scoff, 1


scolded, 4
scolding, 1

scorching, 5

scorn, 2
scornful, 1

scoundrel, 1
scourge, 1

scramble, 29
scrambled, 14
scrambles, 9
scrambling, 36
scrap, 42
scratch, 16
scratched, 4
scratches, 3

scream, 10


screwed, 14

screwy, 4
scuff, 5





secretive, 4


seethe, 3
seething, 2








selfinterested, 2
selfish, 7

selfishness, 1

senile, 3
sensationalize, 1


seriousness, 13



setback, 43
setbacks, 9
sever, 114
severe, 202
severity, 12

shabby, 1


shake, 39
shaky, 17
shallow, 14
sham, 4
shambles, 4
shame, 14
shameful, 1



shamelessly, 1

shark, 13
sharply, 137
shatter, 6






shit, 48

shock, 58
shocked, 28
shocking, 5
shockingly, 1


shortage, 330

shortcoming, 1
shortcomings, 22

shortsighted, 6
shortsightedness, 1
showdown, 10






shrouded, 2
shrug, 4
shun, 4
shunned, 4
sick, 99




sickness, 2

sidetracked, 1
siege, 3

silly, 23
simplistic, 23
simplistically, 2
sin, 9


sinister, 2

sink, 39
sinking, 12
skeletons, 2

skeptical, 52

skepticism, 40
sketchy, 16
skimpy, 1
skinny, 8
skittish, 2


slack, 12
slander, 4

slanderous, 5

slanders, 1
slap, 46
slashing, 12
slaughter, 16
slaughtered, 1
slave, 5
slaves, 2
sleazy, 2
slime, 1

slogged, 1
slogging, 9






sloppy, 3
sloth, 1

slow, 205

slowed, 73
slower, 61
slowest, 11
slowly, 67



slug, 2
sluggish, 17
slump, 23
slumping, 9

slur, 4
slut, 2
sluts, 3

smack, 5

smash, 1
smear, 2
smell, 23
smelled, 7
smelling, 1
smells, 8
smelly, 7

smoke, 24


smoldering, 1
smother, 5




smudges, 2







snag, 9
snagged, 1

snags, 8




snarl, 1
sneak, 12

sneaky, 2








snub, 1



sober, 9
sobering, 4
solemn, 1


sore, 13
sorely, 13

sorrow, 4


sorry, 804
sour, 50

spade, 6
spank, 1

spew, 11

spewing, 6
spews, 3
spilling, 9


spite, 37




split, 228
splitting, 29
spoil, 3


spoiled, 8

spoils, 2
spook, 4







sporadic, 6
spotty, 6
spurious, 2


squabble, 1
squabbling, 11
squander, 5
squash, 9
squeak, 8

squeaky, 2

squealing, 2
squeals, 2

stab, 42
stagnant, 10
stagnate, 2
stagnation, 1
staid, 6
stain, 15
stains, 2
stale, 2
stalemate, 13
stall, 17
stalls, 10

stampede, 7
standstill, 31
stark, 47

startle, 1
startling, 8

starvation, 1

static, 44
steal, 31
stealing, 11
steals, 3
steep, 44
steeply, 1

stereotype, 1

stereotypically, 2
stern, 34
stew, 4
sticky, 13
stiff, 26

stifle, 2
stifling, 3



sting, 4
stinging, 1

stingy, 2
stink, 1

stodgy, 7
stole, 6
stolen, 33


stormy, 5


strain, 33
strained, 16
straining, 11
strange, 52
strangely, 5
stranger, 15
strangest, 2


strenuous, 5
stress, 82
stresses, 13
stressful, 6

stricken, 13
strict, 69
strictly, 574
strident, 1

strife, 3
strike, 459
stringent, 39
stringently, 1
struck, 105
struggle, 53
struggled, 42
struggles, 33
struggling, 113
strut, 1
stubborn, 6
stubbornly, 10
stubbornness, 1
stuck, 105
stuffy, 2
stumble, 7
stumbled, 3
stumbles, 4
stump, 1
stumped, 8
stumps, 3
stun, 3
stunt, 5

stupid, 63
stupidest, 2
stupidity, 6
stupidly, 3





stuttering, 1


stymied, 8

subdued, 6
subjected, 39




subordinate, 30
subpoena, 239
subpoenas, 68


substandard, 5
subtract, 16

subversive, 1

subvert, 2
succumb, 2
suck, 17
sucked, 16
sucker, 2
sucks, 23

sue, 753
sued, 99

sues, 17
suffer, 119
suffered, 91


suffering, 66
suffers, 34
suffocate, 2


sugarcoated, 2

suicide, 16



sunder, 1
sunk, 12
sunken, 2
superficial, 1


superfluous, 5


suppress, 8
suppression, 1
surrender, 19
susceptible, 21
suspect, 159
suspicion, 12
suspicions, 11
suspicious, 25
suspiciously, 4
swagger, 1
swamped, 29
sweaty, 3
swelled, 5
swelling, 9
swindle, 8
swipe, 4
swollen, 1
symptom, 2
symptoms, 5
syndrome, 1

tacky, 7
taint, 3
tainted, 8

tangle, 10
tangled, 7

tank, 142
tanked, 4
tanks, 56
tantrum, 4
tardy, 6
tarnish, 4
tarnished, 2
tarnishes, 2
tarnishing, 2

taunt, 1
taunting, 1

taunts, 2


taxing, 24
tease, 38
teasingly, 1
tedious, 8


temper, 15
tempest, 13
temptation, 12
tenderness, 1
tense, 16
tension, 23
tentative, 111
tentatively, 76
tenuo